count,date,dose_one,dose_two,time_slot
563341.0,2021-06-23,514054.0,514054.0,16:00-17:00
778.0,2021-06-23,530.0,530.0,07:00-08:00
1020130.0,2021-06-23,915194.0,915194.0,12:00-13:00
896943.0,2021-06-23,812461.0,812461.0,13:00-14:00
798555.0,2021-06-23,726046.0,726046.0,14:00-15:00
751170.0,2021-06-23,683790.0,683790.0,15:00-16:00
149623.0,2021-06-23,127176.0,127176.0,09:00-10:00
309408.0,2021-06-23,284840.0,284840.0,17:00-18:00
162071.0,2021-06-23,150333.0,150333.0,18:00-19:00
107119.0,2021-06-23,99437.0,99437.0,19:00-20:00
84654.0,2021-06-23,78852.0,78852.0,20:00-21:00
68403.0,2021-06-23,63355.0,63355.0,21:00-22:00
50503.0,2021-06-23,46537.0,46537.0,22:00-23:00
10652.0,2021-06-23,9311.0,9311.0,08:00-09:00
915033.0,2021-06-23,810402.0,810402.0,11:00-12:00
557344.0,2021-06-23,482414.0,482414.0,10:00-11:00
14450.0,2021-06-22,12826.0,12826.0,08:00-09:00
131527.0,2021-06-22,110703.0,110703.0,09:00-10:00
475706.0,2021-06-22,401808.0,401808.0,10:00-11:00
776871.0,2021-06-22,671658.0,671658.0,11:00-12:00
867788.0,2021-06-22,761622.0,761622.0,12:00-13:00
737894.0,2021-06-22,654736.0,654736.0,13:00-14:00
623797.0,2021-06-22,555308.0,555308.0,15:00-16:00
457124.0,2021-06-22,409728.0,409728.0,16:00-17:00
249166.0,2021-06-22,226086.0,226086.0,17:00-18:00
130425.0,2021-06-22,119688.0,119688.0,18:00-19:00
87699.0,2021-06-22,80902.0,80902.0,19:00-20:00
71191.0,2021-06-22,66542.0,66542.0,20:00-21:00
3991.0,2021-06-22,3543.0,3543.0,07:00-08:00
655761.0,2021-06-22,583766.0,583766.0,14:00-15:00
46373.0,2021-06-22,43365.0,43365.0,22:00-23:00
56719.0,2021-06-22,52958.0,52958.0,21:00-22:00
28755.0,2021-06-21,26104.0,26104.0,08:00-09:00
193200.0,2021-06-21,172939.0,172939.0,09:00-10:00
641126.0,2021-06-21,566590.0,566590.0,10:00-11:00
1032964.0,2021-06-21,920320.0,920320.0,11:00-12:00
1181107.0,2021-06-21,1063038.0,1063038.0,12:00-13:00
1139108.0,2021-06-21,1033394.0,1033394.0,13:00-14:00
3651.0,2021-06-21,3096.0,3096.0,07:00-08:00
224706.0,2021-06-21,204601.0,204601.0,15:00-16:00
1977242.0,2021-06-21,1799706.0,1799706.0,16:00-17:00
591799.0,2021-06-21,549357.0,549357.0,17:00-18:00
331629.0,2021-06-21,310895.0,310895.0,18:00-19:00
220596.0,2021-06-21,206789.0,206789.0,19:00-20:00
173829.0,2021-06-21,163928.0,163928.0,20:00-21:00
137539.0,2021-06-21,129233.0,129233.0,21:00-22:00
529717.0,2021-06-21,481767.0,481767.0,14:00-15:00
108316.0,2021-06-21,101754.0,101754.0,22:00-23:00
78061.0,2021-06-20,71525.0,71525.0,18:00-19:00
23864.0,2021-06-20,22263.0,22263.0,07:00-08:00
79447.0,2021-06-20,74579.0,74579.0,08:00-09:00
192194.0,2021-06-20,178228.0,178228.0,09:00-10:00
352983.0,2021-06-20,320090.0,320090.0,10:00-11:00
434470.0,2021-06-20,390567.0,390567.0,11:00-12:00
427363.0,2021-06-20,383102.0,383102.0,12:00-13:00
328661.0,2021-06-20,293606.0,293606.0,13:00-14:00
271002.0,2021-06-20,242443.0,242443.0,14:00-15:00
257378.0,2021-06-20,232603.0,232603.0,15:00-16:00
203961.0,2021-06-20,184369.0,184369.0,16:00-17:00
130636.0,2021-06-20,119622.0,119622.0,17:00-18:00
48434.0,2021-06-20,44829.0,44829.0,19:00-20:00
36749.0,2021-06-20,34212.0,34212.0,20:00-21:00
30190.0,2021-06-20,27759.0,27759.0,21:00-22:00
21755.0,2021-06-20,19620.0,19620.0,22:00-23:00
24284.0,2021-06-19,22011.0,22011.0,22:00-23:00
30548.0,2021-06-19,27689.0,27689.0,21:00-22:00
633.0,2021-06-19,478.0,478.0,07:00-08:00
7580.0,2021-06-19,6127.0,6127.0,08:00-09:00
97621.0,2021-06-19,82406.0,82406.0,09:00-10:00
340651.0,2021-06-19,284951.0,284951.0,10:00-11:00
546099.0,2021-06-19,459726.0,459726.0,11:00-12:00
607283.0,2021-06-19,517208.0,517208.0,12:00-13:00
508286.0,2021-06-19,437855.0,437855.0,13:00-14:00
448056.0,2021-06-19,388348.0,388348.0,14:00-15:00
416837.0,2021-06-19,364604.0,364604.0,15:00-16:00
293243.0,2021-06-19,258450.0,258450.0,16:00-17:00
156286.0,2021-06-19,138172.0,138172.0,17:00-18:00
72921.0,2021-06-19,64984.0,64984.0,18:00-19:00
52434.0,2021-06-19,47275.0,47275.0,19:00-20:00
40755.0,2021-06-19,36898.0,36898.0,20:00-21:00
60475.0,2021-06-18,53925.0,53925.0,18:00-19:00
385172.0,2021-06-18,337845.0,337845.0,14:00-15:00
125285.0,2021-06-18,111565.0,111565.0,17:00-18:00
255127.0,2021-06-18,225466.0,225466.0,16:00-17:00
362723.0,2021-06-18,318947.0,318947.0,15:00-16:00
92485.0,2021-06-18,82730.0,82730.0,09:00-10:00
427083.0,2021-06-18,373882.0,373882.0,13:00-14:00
533900.0,2021-06-18,467018.0,467018.0,12:00-13:00
501464.0,2021-06-18,437535.0,437535.0,11:00-12:00
322632.0,2021-06-18,282338.0,282338.0,10:00-11:00
32376.0,2021-06-18,29927.0,29927.0,20:00-21:00
40845.0,2021-06-18,36759.0,36759.0,19:00-20:00
6404.0,2021-06-18,5700.0,5700.0,08:00-09:00
754.0,2021-06-18,624.0,624.0,07:00-08:00
20097.0,2021-06-18,18466.0,18466.0,22:00-23:00
22827.0,2021-06-18,20557.0,20557.0,21:00-22:00
240003.0,2021-06-17,210895.0,210895.0,16:00-17:00
532481.0,2021-06-17,460881.0,460881.0,12:00-13:00
1577.0,2021-06-17,1181.0,1181.0,07:00-08:00
7938.0,2021-06-17,6578.0,6578.0,08:00-09:00
93715.0,2021-06-17,80535.0,80535.0,09:00-10:00
325134.0,2021-06-17,276676.0,276676.0,10:00-11:00
124206.0,2021-06-17,111932.0,111932.0,17:00-18:00
485195.0,2021-06-17,416444.0,416444.0,11:00-12:00
428763.0,2021-06-17,373999.0,373999.0,13:00-14:00
377661.0,2021-06-17,332663.0,332663.0,14:00-15:00
345148.0,2021-06-17,301969.0,301969.0,15:00-16:00
17937.0,2021-06-17,16668.0,16668.0,22:00-23:00
24618.0,2021-06-17,22442.0,22442.0,21:00-22:00
28886.0,2021-06-17,26781.0,26781.0,20:00-21:00
40445.0,2021-06-17,36316.0,36316.0,19:00-20:00
56506.0,2021-06-17,51074.0,51074.0,18:00-19:00
444676.0,2021-06-16,395933.0,395933.0,13:00-14:00
46270.0,2021-06-16,43317.0,43317.0,20:00-21:00
51989.0,2021-06-16,48466.0,48466.0,19:00-20:00
79724.0,2021-06-16,73969.0,73969.0,18:00-19:00
146441.0,2021-06-16,133885.0,133885.0,17:00-18:00
267883.0,2021-06-16,239116.0,239116.0,16:00-17:00
371375.0,2021-06-16,331384.0,331384.0,15:00-16:00
399572.0,2021-06-16,359163.0,359163.0,14:00-15:00
38266.0,2021-06-16,35778.0,35778.0,21:00-22:00
527588.0,2021-06-16,465601.0,465601.0,12:00-13:00
30820.0,2021-06-16,29284.0,29284.0,22:00-23:00
327451.0,2021-06-16,283567.0,283567.0,10:00-11:00
94179.0,2021-06-16,80551.0,80551.0,09:00-10:00
497398.0,2021-06-16,436763.0,436763.0,11:00-12:00
1416.0,2021-06-16,1100.0,1100.0,07:00-08:00
7862.0,2021-06-16,6412.0,6412.0,08:00-09:00
4851.0,2021-06-15,4085.0,4085.0,08:00-09:00
78978.0,2021-06-15,67583.0,67583.0,09:00-10:00
441992.0,2021-06-15,375663.0,375663.0,11:00-12:00
462379.0,2021-06-15,393844.0,393844.0,12:00-13:00
368442.0,2021-06-15,316321.0,316321.0,13:00-14:00
325527.0,2021-06-15,280015.0,280015.0,14:00-15:00
213858.0,2021-06-15,182584.0,182584.0,16:00-17:00
306604.0,2021-06-15,263396.0,263396.0,15:00-16:00
105097.0,2021-06-15,90674.0,90674.0,17:00-18:00
48908.0,2021-06-15,42495.0,42495.0,18:00-19:00
32892.0,2021-06-15,29306.0,29306.0,19:00-20:00
22048.0,2021-06-15,19645.0,19645.0,20:00-21:00
19196.0,2021-06-15,17689.0,17689.0,21:00-22:00
11411.0,2021-06-15,10288.0,10288.0,22:00-23:00
318.0,2021-06-15,232.0,232.0,07:00-08:00
289881.0,2021-06-15,244544.0,244544.0,10:00-11:00
519112.0,2021-06-14,461247.0,461247.0,13:00-14:00
441066.0,2021-06-14,393880.0,393880.0,14:00-15:00
81577.0,2021-06-14,74423.0,74423.0,18:00-19:00
20932.0,2021-06-14,19358.0,19358.0,22:00-23:00
31507.0,2021-06-14,29007.0,29007.0,21:00-22:00
166866.0,2021-06-14,150660.0,150660.0,17:00-18:00
313808.0,2021-06-14,281821.0,281821.0,16:00-17:00
426664.0,2021-06-14,380417.0,380417.0,15:00-16:00
49865.0,2021-06-14,45743.0,45743.0,19:00-20:00
36113.0,2021-06-14,32931.0,32931.0,20:00-21:00
643263.0,2021-06-14,570452.0,570452.0,12:00-13:00
593113.0,2021-06-14,521763.0,521763.0,11:00-12:00
380008.0,2021-06-14,333896.0,333896.0,10:00-11:00
96158.0,2021-06-14,84507.0,84507.0,09:00-10:00
6472.0,2021-06-14,5810.0,5810.0,08:00-09:00
808.0,2021-06-14,790.0,790.0,07:00-08:00
18152.0,2021-06-13,16815.0,16815.0,20:00-21:00
15571.0,2021-06-13,14765.0,14765.0,21:00-22:00
23016.0,2021-06-13,21821.0,21821.0,19:00-20:00
11714.0,2021-06-13,11015.0,11015.0,22:00-23:00
533.0,2021-06-13,494.0,494.0,07:00-08:00
4700.0,2021-06-13,4438.0,4438.0,08:00-09:00
53422.0,2021-06-13,49166.0,49166.0,09:00-10:00
168298.0,2021-06-13,154819.0,154819.0,10:00-11:00
244210.0,2021-06-13,224525.0,224525.0,12:00-13:00
190636.0,2021-06-13,175556.0,175556.0,13:00-14:00
170086.0,2021-06-13,156621.0,156621.0,14:00-15:00
143454.0,2021-06-13,131623.0,131623.0,15:00-16:00
108380.0,2021-06-13,100468.0,100468.0,16:00-17:00
58742.0,2021-06-13,55375.0,55375.0,17:00-18:00
32355.0,2021-06-13,30441.0,30441.0,18:00-19:00
236804.0,2021-06-13,217216.0,217216.0,11:00-12:00
97959.0,2021-06-12,83925.0,83925.0,09:00-10:00
462018.0,2021-06-12,414011.0,414011.0,13:00-14:00
541157.0,2021-06-12,474980.0,474980.0,11:00-12:00
580142.0,2021-06-12,515644.0,515644.0,12:00-13:00
7342.0,2021-06-12,6776.0,6776.0,08:00-09:00
401457.0,2021-06-12,359409.0,359409.0,14:00-15:00
831.0,2021-06-12,765.0,765.0,07:00-08:00
374402.0,2021-06-12,333822.0,333822.0,15:00-16:00
265554.0,2021-06-12,237209.0,237209.0,16:00-17:00
139305.0,2021-06-12,126776.0,126776.0,17:00-18:00
71057.0,2021-06-12,65495.0,65495.0,18:00-19:00
45874.0,2021-06-12,41907.0,41907.0,19:00-20:00
34366.0,2021-06-12,31531.0,31531.0,20:00-21:00
27212.0,2021-06-12,25130.0,25130.0,21:00-22:00
22286.0,2021-06-12,20808.0,20808.0,22:00-23:00
349873.0,2021-06-12,303521.0,303521.0,10:00-11:00
389417.0,2021-06-11,354311.0,354311.0,15:00-16:00
288283.0,2021-06-11,263617.0,263617.0,16:00-17:00
43441.0,2021-06-11,39754.0,39754.0,19:00-20:00
408582.0,2021-06-11,371632.0,371632.0,14:00-15:00
73877.0,2021-06-11,68523.0,68523.0,18:00-19:00
17670.0,2021-06-11,16513.0,16513.0,22:00-23:00
446822.0,2021-06-11,407056.0,407056.0,13:00-14:00
557126.0,2021-06-11,502839.0,502839.0,12:00-13:00
522243.0,2021-06-11,468482.0,468482.0,11:00-12:00
341361.0,2021-06-11,302811.0,302811.0,10:00-11:00
97734.0,2021-06-11,85677.0,85677.0,09:00-10:00
7831.0,2021-06-11,7077.0,7077.0,08:00-09:00
745.0,2021-06-11,619.0,619.0,07:00-08:00
32944.0,2021-06-11,30539.0,30539.0,20:00-21:00
24149.0,2021-06-11,22508.0,22508.0,21:00-22:00
156356.0,2021-06-11,143787.0,143787.0,17:00-18:00
29434.0,2021-06-10,27070.0,27070.0,19:00-20:00
57813.0,2021-06-10,53774.0,53774.0,18:00-19:00
97321.0,2021-06-10,86335.0,86335.0,09:00-10:00
262872.0,2021-06-10,237174.0,237174.0,16:00-17:00
712.0,2021-06-10,687.0,687.0,07:00-08:00
14653.0,2021-06-10,13778.0,13778.0,22:00-23:00
21675.0,2021-06-10,20202.0,20202.0,21:00-22:00
27574.0,2021-06-10,25577.0,25577.0,20:00-21:00
133276.0,2021-06-10,120529.0,120529.0,17:00-18:00
548164.0,2021-06-10,495717.0,495717.0,12:00-13:00
360693.0,2021-06-10,324558.0,324558.0,15:00-16:00
440989.0,2021-06-10,401683.0,401683.0,13:00-14:00
340212.0,2021-06-10,300778.0,300778.0,10:00-11:00
517593.0,2021-06-10,463962.0,463962.0,11:00-12:00
7527.0,2021-06-10,6991.0,6991.0,08:00-09:00
390445.0,2021-06-10,354716.0,354716.0,14:00-15:00
383169.0,2021-06-09,351312.0,351312.0,14:00-15:00
13044.0,2021-06-09,12126.0,12126.0,22:00-23:00
1272.0,2021-06-09,1129.0,1129.0,07:00-08:00
10761.0,2021-06-09,10069.0,10069.0,08:00-09:00
112651.0,2021-06-09,101047.0,101047.0,09:00-10:00
365308.0,2021-06-09,326814.0,326814.0,10:00-11:00
540931.0,2021-06-09,487063.0,487063.0,11:00-12:00
555346.0,2021-06-09,505019.0,505019.0,12:00-13:00
442132.0,2021-06-09,405403.0,405403.0,13:00-14:00
368146.0,2021-06-09,333289.0,333289.0,15:00-16:00
140063.0,2021-06-09,128379.0,128379.0,17:00-18:00
63252.0,2021-06-09,58484.0,58484.0,18:00-19:00
38040.0,2021-06-09,35290.0,35290.0,19:00-20:00
26015.0,2021-06-09,24022.0,24022.0,20:00-21:00
20534.0,2021-06-09,19220.0,19220.0,21:00-22:00
267940.0,2021-06-09,242229.0,242229.0,16:00-17:00
293854.0,2021-06-08,261162.0,261162.0,15:00-16:00
106872.0,2021-06-08,95936.0,95936.0,17:00-18:00
209263.0,2021-06-08,184708.0,184708.0,16:00-17:00
451544.0,2021-06-08,397123.0,397123.0,11:00-12:00
10228.0,2021-06-08,9519.0,9519.0,08:00-09:00
314872.0,2021-06-08,282859.0,282859.0,14:00-15:00
348450.0,2021-06-08,312004.0,312004.0,13:00-14:00
451581.0,2021-06-08,400160.0,400160.0,12:00-13:00
30494.0,2021-06-08,27807.0,27807.0,19:00-20:00
47812.0,2021-06-08,42793.0,42793.0,18:00-19:00
1043.0,2021-06-08,977.0,977.0,07:00-08:00
19902.0,2021-06-08,18161.0,18161.0,20:00-21:00
16579.0,2021-06-08,15040.0,15040.0,21:00-22:00
319122.0,2021-06-08,278456.0,278456.0,10:00-11:00
99392.0,2021-06-08,87861.0,87861.0,09:00-10:00
11580.0,2021-06-08,10384.0,10384.0,22:00-23:00
138569.0,2021-06-07,126436.0,126436.0,17:00-18:00
553357.0,2021-06-07,498239.0,498239.0,12:00-13:00
23142.0,2021-06-07,21569.0,21569.0,21:00-22:00
15598.0,2021-06-07,14417.0,14417.0,22:00-23:00
26178.0,2021-06-07,23989.0,23989.0,20:00-21:00
30165.0,2021-06-07,27882.0,27882.0,19:00-20:00
60841.0,2021-06-07,56427.0,56427.0,18:00-19:00
267606.0,2021-06-07,241600.0,241600.0,16:00-17:00
388908.0,2021-06-07,353525.0,353525.0,14:00-15:00
439929.0,2021-06-07,398647.0,398647.0,13:00-14:00
364808.0,2021-06-07,330038.0,330038.0,15:00-16:00
527790.0,2021-06-07,471846.0,471846.0,11:00-12:00
111813.0,2021-06-07,99520.0,99520.0,09:00-10:00
875.0,2021-06-07,822.0,822.0,07:00-08:00
11267.0,2021-06-07,10490.0,10490.0,08:00-09:00
359390.0,2021-06-07,320520.0,320520.0,10:00-11:00
54859.0,2021-06-06,52577.0,52577.0,09:00-10:00
12972.0,2021-06-06,12402.0,12402.0,19:00-20:00
22854.0,2021-06-06,21616.0,21616.0,18:00-19:00
49681.0,2021-06-06,46976.0,46976.0,17:00-18:00
423.0,2021-06-06,423.0,423.0,07:00-08:00
4476.0,2021-06-06,4338.0,4338.0,08:00-09:00
227275.0,2021-06-06,212888.0,212888.0,11:00-12:00
167189.0,2021-06-06,157820.0,157820.0,10:00-11:00
230027.0,2021-06-06,215627.0,215627.0,12:00-13:00
175407.0,2021-06-06,165315.0,165315.0,13:00-14:00
153111.0,2021-06-06,144831.0,144831.0,14:00-15:00
131533.0,2021-06-06,123220.0,123220.0,15:00-16:00
11462.0,2021-06-06,11001.0,11001.0,20:00-21:00
98433.0,2021-06-06,92536.0,92536.0,16:00-17:00
6541.0,2021-06-06,6032.0,6032.0,22:00-23:00
9357.0,2021-06-06,8830.0,8830.0,21:00-22:00
19842.0,2021-06-05,17871.0,17871.0,21:00-22:00
8193.0,2021-06-05,7736.0,7736.0,08:00-09:00
395073.0,2021-06-05,366021.0,366021.0,14:00-15:00
14375.0,2021-06-05,13259.0,13259.0,22:00-23:00
1098.0,2021-06-05,1009.0,1009.0,07:00-08:00
96882.0,2021-06-05,88570.0,88570.0,09:00-10:00
354088.0,2021-06-05,322118.0,322118.0,10:00-11:00
530369.0,2021-06-05,483478.0,483478.0,11:00-12:00
451462.0,2021-06-05,417017.0,417017.0,13:00-14:00
554983.0,2021-06-05,508489.0,508489.0,12:00-13:00
375343.0,2021-06-05,346402.0,346402.0,15:00-16:00
272279.0,2021-06-05,253475.0,253475.0,16:00-17:00
145823.0,2021-06-05,137551.0,137551.0,17:00-18:00
62058.0,2021-06-05,58140.0,58140.0,18:00-19:00
33559.0,2021-06-05,31665.0,31665.0,19:00-20:00
24838.0,2021-06-05,23076.0,23076.0,20:00-21:00
32076.0,2021-06-04,30195.0,30195.0,20:00-21:00
2592.0,2021-06-04,2448.0,2448.0,07:00-08:00
372773.0,2021-06-04,339680.0,339680.0,10:00-11:00
563222.0,2021-06-04,513316.0,513316.0,11:00-12:00
590615.0,2021-06-04,543292.0,543292.0,12:00-13:00
23926.0,2021-06-04,22213.0,22213.0,21:00-22:00
17189.0,2021-06-04,16162.0,16162.0,22:00-23:00
48701.0,2021-06-04,45776.0,45776.0,19:00-20:00
75220.0,2021-06-04,71537.0,71537.0,18:00-19:00
163443.0,2021-06-04,154488.0,154488.0,17:00-18:00
315337.0,2021-06-04,296234.0,296234.0,16:00-17:00
412170.0,2021-06-04,382843.0,382843.0,15:00-16:00
108393.0,2021-06-04,100445.0,100445.0,09:00-10:00
14552.0,2021-06-04,14014.0,14014.0,08:00-09:00
418562.0,2021-06-04,389274.0,389274.0,14:00-15:00
474235.0,2021-06-04,437983.0,437983.0,13:00-14:00
294096.0,2021-06-03,265197.0,265197.0,10:00-11:00
346787.0,2021-06-03,314238.0,314238.0,11:00-12:00
483427.0,2021-06-03,440302.0,440302.0,12:00-13:00
387239.0,2021-06-03,355265.0,355265.0,13:00-14:00
348823.0,2021-06-03,322158.0,322158.0,14:00-15:00
345163.0,2021-06-03,316919.0,316919.0,15:00-16:00
256606.0,2021-06-03,239294.0,239294.0,16:00-17:00
63497.0,2021-06-03,59782.0,59782.0,18:00-19:00
39212.0,2021-06-03,37110.0,37110.0,19:00-20:00
29825.0,2021-06-03,28315.0,28315.0,20:00-21:00
18221.0,2021-06-03,17274.0,17274.0,22:00-23:00
134403.0,2021-06-03,126643.0,126643.0,17:00-18:00
22540.0,2021-06-03,21263.0,21263.0,21:00-22:00
80609.0,2021-06-03,73081.0,73081.0,09:00-10:00
554.0,2021-06-03,538.0,538.0,07:00-08:00
5993.0,2021-06-03,5744.0,5744.0,08:00-09:00
272552.0,2021-06-02,247814.0,247814.0,15:00-16:00
19053.0,2021-06-02,17793.0,17793.0,20:00-21:00
26375.0,2021-06-02,24265.0,24265.0,19:00-20:00
47369.0,2021-06-02,44016.0,44016.0,18:00-19:00
105344.0,2021-06-02,97547.0,97547.0,17:00-18:00
199617.0,2021-06-02,183186.0,183186.0,16:00-17:00
314071.0,2021-06-02,284283.0,284283.0,13:00-14:00
279398.0,2021-06-02,254091.0,254091.0,14:00-15:00
396485.0,2021-06-02,357301.0,357301.0,12:00-13:00
387245.0,2021-06-02,347064.0,347064.0,11:00-12:00
256190.0,2021-06-02,228234.0,228234.0,10:00-11:00
73063.0,2021-06-02,65499.0,65499.0,09:00-10:00
6701.0,2021-06-02,6025.0,6025.0,08:00-09:00
703.0,2021-06-02,630.0,630.0,07:00-08:00
15660.0,2021-06-02,14227.0,14227.0,21:00-22:00
11954.0,2021-06-02,10713.0,10713.0,22:00-23:00
387516.0,2021-06-01,339860.0,339860.0,12:00-13:00
29498.0,2021-06-01,26747.0,26747.0,19:00-20:00
15836.0,2021-06-01,14186.0,14186.0,21:00-22:00
53099.0,2021-06-01,48607.0,48607.0,18:00-19:00
105907.0,2021-06-01,96410.0,96410.0,17:00-18:00
192526.0,2021-06-01,169971.0,169971.0,16:00-17:00
268356.0,2021-06-01,238758.0,238758.0,15:00-16:00
306773.0,2021-06-01,270465.0,270465.0,13:00-14:00
274070.0,2021-06-01,243806.0,243806.0,14:00-15:00
374161.0,2021-06-01,324998.0,324998.0,11:00-12:00
252743.0,2021-06-01,219864.0,219864.0,10:00-11:00
79582.0,2021-06-01,71378.0,71378.0,09:00-10:00
12800.0,2021-06-01,11712.0,11712.0,22:00-23:00
11612.0,2021-06-01,10935.0,10935.0,08:00-09:00
1913.0,2021-06-01,1610.0,1610.0,07:00-08:00
21329.0,2021-06-01,19509.0,19509.0,20:00-21:00
298711.0,2021-05-31,263047.0,263047.0,10:00-11:00
1683.0,2021-05-31,1553.0,1553.0,07:00-08:00
9380.0,2021-05-31,8692.0,8692.0,08:00-09:00
23384.0,2021-05-31,21216.0,21216.0,20:00-21:00
33854.0,2021-05-31,31393.0,31393.0,19:00-20:00
88649.0,2021-05-31,79030.0,79030.0,09:00-10:00
440240.0,2021-05-31,387897.0,387897.0,11:00-12:00
54017.0,2021-05-31,49719.0,49719.0,18:00-19:00
356392.0,2021-05-31,318993.0,318993.0,13:00-14:00
18894.0,2021-05-31,16471.0,16471.0,21:00-22:00
14933.0,2021-05-31,13310.0,13310.0,22:00-23:00
448465.0,2021-05-31,397244.0,397244.0,12:00-13:00
127098.0,2021-05-31,116282.0,116282.0,17:00-18:00
306175.0,2021-05-31,274715.0,274715.0,15:00-16:00
311496.0,2021-05-31,280606.0,280606.0,14:00-15:00
225551.0,2021-05-31,204035.0,204035.0,16:00-17:00
126354.0,2021-05-30,114396.0,114396.0,13:00-14:00
278.0,2021-05-30,269.0,269.0,07:00-08:00
4150.0,2021-05-30,3844.0,3844.0,08:00-09:00
39986.0,2021-05-30,37704.0,37704.0,09:00-10:00
120377.0,2021-05-30,110209.0,110209.0,10:00-11:00
165781.0,2021-05-30,150215.0,150215.0,11:00-12:00
166011.0,2021-05-30,151117.0,151117.0,12:00-13:00
100882.0,2021-05-30,93704.0,93704.0,15:00-16:00
109864.0,2021-05-30,100627.0,100627.0,14:00-15:00
74384.0,2021-05-30,68799.0,68799.0,16:00-17:00
42384.0,2021-05-30,39700.0,39700.0,17:00-18:00
14622.0,2021-05-30,13689.0,13689.0,19:00-20:00
10108.0,2021-05-30,9247.0,9247.0,20:00-21:00
8773.0,2021-05-30,8017.0,8017.0,21:00-22:00
7086.0,2021-05-30,6453.0,6453.0,22:00-23:00
19616.0,2021-05-30,18445.0,18445.0,18:00-19:00
14321.0,2021-05-29,13363.0,13363.0,22:00-23:00
391675.0,2021-05-29,353166.0,353166.0,13:00-14:00
37919.0,2021-05-29,34365.0,34365.0,19:00-20:00
124124.0,2021-05-29,112903.0,112903.0,17:00-18:00
242276.0,2021-05-29,219831.0,219831.0,16:00-17:00
326589.0,2021-05-29,297121.0,297121.0,15:00-16:00
329589.0,2021-05-29,300429.0,300429.0,14:00-15:00
23642.0,2021-05-29,21518.0,21518.0,20:00-21:00
500656.0,2021-05-29,446606.0,446606.0,12:00-13:00
491522.0,2021-05-29,435435.0,435435.0,11:00-12:00
339088.0,2021-05-29,297205.0,297205.0,10:00-11:00
109536.0,2021-05-29,93096.0,93096.0,09:00-10:00
11989.0,2021-05-29,7807.0,7807.0,08:00-09:00
1228.0,2021-05-29,578.0,578.0,07:00-08:00
18675.0,2021-05-29,17215.0,17215.0,21:00-22:00
59376.0,2021-05-29,54190.0,54190.0,18:00-19:00
15064.0,2021-05-28,13975.0,13975.0,22:00-23:00
25905.0,2021-05-28,24371.0,24371.0,20:00-21:00
36099.0,2021-05-28,33282.0,33282.0,19:00-20:00
62627.0,2021-05-28,57458.0,57458.0,18:00-19:00
129489.0,2021-05-28,120133.0,120133.0,17:00-18:00
251056.0,2021-05-28,232498.0,232498.0,16:00-17:00
333360.0,2021-05-28,308344.0,308344.0,15:00-16:00
337324.0,2021-05-28,314893.0,314893.0,14:00-15:00
384364.0,2021-05-28,356232.0,356232.0,13:00-14:00
499710.0,2021-05-28,461707.0,461707.0,12:00-13:00
482304.0,2021-05-28,444800.0,444800.0,11:00-12:00
331984.0,2021-05-28,305226.0,305226.0,10:00-11:00
107064.0,2021-05-28,100005.0,100005.0,09:00-10:00
21800.0,2021-05-28,20035.0,20035.0,21:00-22:00
1976.0,2021-05-28,1961.0,1961.0,07:00-08:00
13663.0,2021-05-28,13355.0,13355.0,08:00-09:00
23319.0,2021-05-27,21797.0,21797.0,21:00-22:00
318090.0,2021-05-27,297088.0,297088.0,15:00-16:00
16272.0,2021-05-27,15118.0,15118.0,22:00-23:00
38880.0,2021-05-27,37012.0,37012.0,19:00-20:00
61637.0,2021-05-27,58376.0,58376.0,18:00-19:00
129658.0,2021-05-27,123092.0,123092.0,17:00-18:00
233231.0,2021-05-27,219463.0,219463.0,16:00-17:00
313084.0,2021-05-27,291955.0,291955.0,14:00-15:00
1312.0,2021-05-27,1272.0,1272.0,07:00-08:00
364130.0,2021-05-27,339453.0,339453.0,13:00-14:00
464964.0,2021-05-27,431530.0,431530.0,12:00-13:00
455685.0,2021-05-27,424551.0,424551.0,11:00-12:00
322109.0,2021-05-27,299495.0,299495.0,10:00-11:00
103424.0,2021-05-27,97767.0,97767.0,09:00-10:00
14193.0,2021-05-27,13774.0,13774.0,08:00-09:00
31102.0,2021-05-27,29755.0,29755.0,20:00-21:00
79506.0,2021-05-26,75373.0,75373.0,17:00-18:00
13885.0,2021-05-26,12889.0,12889.0,21:00-22:00
11027.0,2021-05-26,10454.0,10454.0,22:00-23:00
27919.0,2021-05-26,26876.0,26876.0,19:00-20:00
39226.0,2021-05-26,37387.0,37387.0,18:00-19:00
145032.0,2021-05-26,135347.0,135347.0,16:00-17:00
203308.0,2021-05-26,188681.0,188681.0,15:00-16:00
202146.0,2021-05-26,185020.0,185020.0,14:00-15:00
243590.0,2021-05-26,222092.0,222092.0,13:00-14:00
307134.0,2021-05-26,279559.0,279559.0,12:00-13:00
297187.0,2021-05-26,269953.0,269953.0,11:00-12:00
201470.0,2021-05-26,182950.0,182950.0,10:00-11:00
62529.0,2021-05-26,58042.0,58042.0,09:00-10:00
7988.0,2021-05-26,7711.0,7711.0,08:00-09:00
611.0,2021-05-26,568.0,568.0,07:00-08:00
19203.0,2021-05-26,17914.0,17914.0,20:00-21:00
8591.0,2021-05-25,7915.0,7915.0,08:00-09:00
10522.0,2021-05-25,9404.0,9404.0,22:00-23:00
12554.0,2021-05-25,11546.0,11546.0,21:00-22:00
18092.0,2021-05-25,16997.0,16997.0,20:00-21:00
23364.0,2021-05-25,21463.0,21463.0,19:00-20:00
38396.0,2021-05-25,35409.0,35409.0,18:00-19:00
78598.0,2021-05-25,72447.0,72447.0,17:00-18:00
159941.0,2021-05-25,148559.0,148559.0,16:00-17:00
217793.0,2021-05-25,197603.0,197603.0,15:00-16:00
231717.0,2021-05-25,209277.0,209277.0,14:00-15:00
276959.0,2021-05-25,249130.0,249130.0,13:00-14:00
349569.0,2021-05-25,312802.0,312802.0,12:00-13:00
335913.0,2021-05-25,300357.0,300357.0,11:00-12:00
223939.0,2021-05-25,200715.0,200715.0,10:00-11:00
760.0,2021-05-25,505.0,505.0,07:00-08:00
70806.0,2021-05-25,64920.0,64920.0,09:00-10:00
773.0,2021-05-24,581.0,581.0,07:00-08:00
8597.0,2021-05-24,7895.0,7895.0,08:00-09:00
18547.0,2021-05-24,17504.0,17504.0,20:00-21:00
21551.0,2021-05-24,20428.0,20428.0,19:00-20:00
41223.0,2021-05-24,38356.0,38356.0,18:00-19:00
92900.0,2021-05-24,85998.0,85998.0,17:00-18:00
177866.0,2021-05-24,165144.0,165144.0,16:00-17:00
248284.0,2021-05-24,229678.0,229678.0,15:00-16:00
268513.0,2021-05-24,249838.0,249838.0,14:00-15:00
317427.0,2021-05-24,294052.0,294052.0,13:00-14:00
399993.0,2021-05-24,371637.0,371637.0,12:00-13:00
393769.0,2021-05-24,364290.0,364290.0,11:00-12:00
277871.0,2021-05-24,256241.0,256241.0,10:00-11:00
86122.0,2021-05-24,79789.0,79789.0,09:00-10:00
9261.0,2021-05-24,8250.0,8250.0,22:00-23:00
12613.0,2021-05-24,11266.0,11266.0,21:00-22:00
115426.0,2021-05-23,108864.0,108864.0,10:00-11:00
3522.0,2021-05-23,3143.0,3143.0,22:00-23:00
4754.0,2021-05-23,4349.0,4349.0,21:00-22:00
5500.0,2021-05-23,4932.0,4932.0,20:00-21:00
7260.0,2021-05-23,6599.0,6599.0,19:00-20:00
12897.0,2021-05-23,11670.0,11670.0,18:00-19:00
26717.0,2021-05-23,24875.0,24875.0,17:00-18:00
53240.0,2021-05-23,50124.0,50124.0,16:00-17:00
80268.0,2021-05-23,75266.0,75266.0,15:00-16:00
100358.0,2021-05-23,93490.0,93490.0,14:00-15:00
125266.0,2021-05-23,117666.0,117666.0,13:00-14:00
158703.0,2021-05-23,148894.0,148894.0,12:00-13:00
160027.0,2021-05-23,150314.0,150314.0,11:00-12:00
35029.0,2021-05-23,33096.0,33096.0,09:00-10:00
2948.0,2021-05-23,2493.0,2493.0,08:00-09:00
1320.0,2021-05-23,1103.0,1103.0,07:00-08:00
1208.0,2021-05-22,966.0,966.0,07:00-08:00
8117.0,2021-05-22,7214.0,7214.0,08:00-09:00
63969.0,2021-05-22,56829.0,56829.0,09:00-10:00
197349.0,2021-05-22,174875.0,174875.0,10:00-11:00
270674.0,2021-05-22,238906.0,238906.0,11:00-12:00
258540.0,2021-05-22,227545.0,227545.0,12:00-13:00
198858.0,2021-05-22,177087.0,177087.0,13:00-14:00
95533.0,2021-05-22,84507.0,84507.0,16:00-17:00
48539.0,2021-05-22,42623.0,42623.0,17:00-18:00
24237.0,2021-05-22,21247.0,21247.0,18:00-19:00
15613.0,2021-05-22,13849.0,13849.0,19:00-20:00
11803.0,2021-05-22,10405.0,10405.0,20:00-21:00
9734.0,2021-05-22,7953.0,7953.0,21:00-22:00
5892.0,2021-05-22,5190.0,5190.0,22:00-23:00
166709.0,2021-05-22,147317.0,147317.0,14:00-15:00
146845.0,2021-05-22,130316.0,130316.0,15:00-16:00
5045.0,2021-05-21,4155.0,4155.0,22:00-23:00
5375.0,2021-05-21,3832.0,3832.0,08:00-09:00
7725.0,2021-05-21,6824.0,6824.0,21:00-22:00
54676.0,2021-05-21,46931.0,46931.0,09:00-10:00
180274.0,2021-05-21,157415.0,157415.0,10:00-11:00
250659.0,2021-05-21,217289.0,217289.0,11:00-12:00
243302.0,2021-05-21,211793.0,211793.0,12:00-13:00
180640.0,2021-05-21,157509.0,157509.0,13:00-14:00
157599.0,2021-05-21,137979.0,137979.0,14:00-15:00
138208.0,2021-05-21,120172.0,120172.0,15:00-16:00
88008.0,2021-05-21,77053.0,77053.0,16:00-17:00
39673.0,2021-05-21,34009.0,34009.0,17:00-18:00
17498.0,2021-05-21,14961.0,14961.0,18:00-19:00
10285.0,2021-05-21,8884.0,8884.0,19:00-20:00
7524.0,2021-05-21,6644.0,6644.0,20:00-21:00
623.0,2021-05-21,151.0,151.0,07:00-08:00
55311.0,2021-05-20,48291.0,48291.0,09:00-10:00
92384.0,2021-05-20,79481.0,79481.0,16:00-17:00
4987.0,2021-05-20,4329.0,4329.0,22:00-23:00
6590.0,2021-05-20,5949.0,5949.0,21:00-22:00
6497.0,2021-05-20,5638.0,5638.0,20:00-21:00
10504.0,2021-05-20,9055.0,9055.0,19:00-20:00
17928.0,2021-05-20,15141.0,15141.0,18:00-19:00
41748.0,2021-05-20,36213.0,36213.0,17:00-18:00
139356.0,2021-05-20,120642.0,120642.0,15:00-16:00
484.0,2021-05-20,95.0,95.0,07:00-08:00
160770.0,2021-05-20,140830.0,140830.0,14:00-15:00
187455.0,2021-05-20,164715.0,164715.0,13:00-14:00
248044.0,2021-05-20,217282.0,217282.0,12:00-13:00
256012.0,2021-05-20,223896.0,223896.0,11:00-12:00
184648.0,2021-05-20,161123.0,161123.0,10:00-11:00
5313.0,2021-05-20,4649.0,4649.0,08:00-09:00
771.0,2021-05-19,243.0,243.0,07:00-08:00
5995.0,2021-05-19,4448.0,4448.0,08:00-09:00
43697.0,2021-05-19,37302.0,37302.0,09:00-10:00
33945.0,2021-05-19,27588.0,27588.0,17:00-18:00
147361.0,2021-05-19,128176.0,128176.0,10:00-11:00
2791.0,2021-05-19,2192.0,2192.0,22:00-23:00
4064.0,2021-05-19,3429.0,3429.0,21:00-22:00
6643.0,2021-05-19,5866.0,5866.0,20:00-21:00
13806.0,2021-05-19,11547.0,11547.0,18:00-19:00
8496.0,2021-05-19,7344.0,7344.0,19:00-20:00
73668.0,2021-05-19,62401.0,62401.0,16:00-17:00
118568.0,2021-05-19,102107.0,102107.0,15:00-16:00
132319.0,2021-05-19,116148.0,116148.0,14:00-15:00
153101.0,2021-05-19,135146.0,135146.0,13:00-14:00
204383.0,2021-05-19,180373.0,180373.0,12:00-13:00
208443.0,2021-05-19,182536.0,182536.0,11:00-12:00
82745.0,2021-05-18,69740.0,69740.0,16:00-17:00
5742.0,2021-05-18,4988.0,4988.0,21:00-22:00
7092.0,2021-05-18,6283.0,6283.0,20:00-21:00
9908.0,2021-05-18,8840.0,8840.0,19:00-20:00
17871.0,2021-05-18,14913.0,14913.0,18:00-19:00
42575.0,2021-05-18,35435.0,35435.0,17:00-18:00
10429.0,2021-05-18,7012.0,7012.0,08:00-09:00
143799.0,2021-05-18,127071.0,127071.0,14:00-15:00
170517.0,2021-05-18,148458.0,148458.0,13:00-14:00
224186.0,2021-05-18,193261.0,193261.0,12:00-13:00
230193.0,2021-05-18,197310.0,197310.0,11:00-12:00
165942.0,2021-05-18,140805.0,140805.0,10:00-11:00
57124.0,2021-05-18,47038.0,47038.0,09:00-10:00
1762.0,2021-05-18,863.0,863.0,07:00-08:00
3874.0,2021-05-18,3258.0,3258.0,22:00-23:00
131866.0,2021-05-18,113844.0,113844.0,15:00-16:00
181194.0,2021-05-17,153502.0,153502.0,10:00-11:00
6236.0,2021-05-17,4407.0,4407.0,08:00-09:00
5006.0,2021-05-17,3996.0,3996.0,22:00-23:00
6739.0,2021-05-17,5324.0,5324.0,21:00-22:00
7832.0,2021-05-17,6024.0,6024.0,20:00-21:00
12890.0,2021-05-17,9702.0,9702.0,19:00-20:00
20801.0,2021-05-17,16049.0,16049.0,18:00-19:00
46358.0,2021-05-17,36704.0,36704.0,17:00-18:00
103602.0,2021-05-17,86209.0,86209.0,16:00-17:00
54862.0,2021-05-17,45118.0,45118.0,09:00-10:00
157245.0,2021-05-17,132353.0,132353.0,15:00-16:00
173665.0,2021-05-17,148658.0,148658.0,14:00-15:00
202581.0,2021-05-17,173455.0,173455.0,13:00-14:00
260373.0,2021-05-17,221022.0,221022.0,12:00-13:00
262409.0,2021-05-17,222657.0,222657.0,11:00-12:00
808.0,2021-05-17,490.0,490.0,07:00-08:00
26098.0,2021-05-16,23439.0,23439.0,09:00-10:00
89.0,2021-05-16,5.0,5.0,07:00-08:00
92897.0,2021-05-16,83737.0,83737.0,10:00-11:00
132617.0,2021-05-16,119220.0,119220.0,11:00-12:00
120616.0,2021-05-16,108775.0,108775.0,12:00-13:00
96019.0,2021-05-16,87254.0,87254.0,13:00-14:00
77508.0,2021-05-16,69858.0,69858.0,14:00-15:00
62075.0,2021-05-16,54555.0,54555.0,15:00-16:00
39297.0,2021-05-16,35342.0,35342.0,16:00-17:00
15072.0,2021-05-16,12821.0,12821.0,17:00-18:00
7428.0,2021-05-16,6190.0,6190.0,18:00-19:00
5032.0,2021-05-16,4151.0,4151.0,19:00-20:00
3387.0,2021-05-16,2660.0,2660.0,20:00-21:00
1659.0,2021-05-16,1321.0,1321.0,21:00-22:00
1541.0,2021-05-16,1290.0,1290.0,22:00-23:00
964.0,2021-05-16,639.0,639.0,08:00-09:00
118031.0,2021-05-15,76146.0,76146.0,16:00-17:00
1065.0,2021-05-15,793.0,793.0,22:00-23:00
1281.0,2021-05-15,815.0,815.0,21:00-22:00
8728.0,2021-05-15,5090.0,5090.0,20:00-21:00
15981.0,2021-05-15,10065.0,10065.0,19:00-20:00
25478.0,2021-05-15,16417.0,16417.0,18:00-19:00
54184.0,2021-05-15,34487.0,34487.0,17:00-18:00
175599.0,2021-05-15,115024.0,115024.0,15:00-16:00
238602.0,2021-05-15,158210.0,158210.0,13:00-14:00
304945.0,2021-05-15,195921.0,195921.0,12:00-13:00
304165.0,2021-05-15,198013.0,198013.0,11:00-12:00
218819.0,2021-05-15,144757.0,144757.0,10:00-11:00
68770.0,2021-05-15,44929.0,44929.0,09:00-10:00
196314.0,2021-05-15,131780.0,131780.0,14:00-15:00
327.0,2021-05-15,79.0,79.0,07:00-08:00
7003.0,2021-05-15,3471.0,3471.0,08:00-09:00
40610.0,2021-05-14,23306.0,23306.0,09:00-10:00
236.0,2021-05-14,120.0,120.0,07:00-08:00
5350.0,2021-05-14,3331.0,3331.0,08:00-09:00
136849.0,2021-05-14,79314.0,79314.0,10:00-11:00
195206.0,2021-05-14,111420.0,111420.0,11:00-12:00
194931.0,2021-05-14,111338.0,111338.0,12:00-13:00
156880.0,2021-05-14,90325.0,90325.0,13:00-14:00
122719.0,2021-05-14,72335.0,72335.0,14:00-15:00
4198.0,2021-05-14,1990.0,1990.0,22:00-23:00
109030.0,2021-05-14,60534.0,60534.0,15:00-16:00
67956.0,2021-05-14,37946.0,37946.0,16:00-17:00
35528.0,2021-05-14,20335.0,20335.0,17:00-18:00
15741.0,2021-05-14,8987.0,8987.0,18:00-19:00
9078.0,2021-05-14,5356.0,5356.0,19:00-20:00
5811.0,2021-05-14,3208.0,3208.0,20:00-21:00
5463.0,2021-05-14,2993.0,2993.0,21:00-22:00
221481.0,2021-05-13,116268.0,116268.0,14:00-15:00
14135.0,2021-05-13,7124.0,7124.0,20:00-21:00
18065.0,2021-05-13,8623.0,8623.0,19:00-20:00
31555.0,2021-05-13,15587.0,15587.0,18:00-19:00
64238.0,2021-05-13,34037.0,34037.0,17:00-18:00
147246.0,2021-05-13,76099.0,76099.0,16:00-17:00
208424.0,2021-05-13,108214.0,108214.0,15:00-16:00
248693.0,2021-05-13,129902.0,129902.0,10:00-11:00
262371.0,2021-05-13,135597.0,135597.0,13:00-14:00
343318.0,2021-05-13,169425.0,169425.0,12:00-13:00
351288.0,2021-05-13,174034.0,174034.0,11:00-12:00
289.0,2021-05-13,77.0,77.0,07:00-08:00
75528.0,2021-05-13,42544.0,42544.0,09:00-10:00
8327.0,2021-05-13,5087.0,5087.0,08:00-09:00
11994.0,2021-05-13,5006.0,5006.0,21:00-22:00
8941.0,2021-05-13,3758.0,3758.0,22:00-23:00
7389.0,2021-05-12,3368.0,3368.0,22:00-23:00
31927.0,2021-05-12,15705.0,15705.0,18:00-19:00
218876.0,2021-05-12,123882.0,123882.0,10:00-11:00
67277.0,2021-05-12,33530.0,33530.0,17:00-18:00
17998.0,2021-05-12,9117.0,9117.0,19:00-20:00
10273.0,2021-05-12,5180.0,5180.0,21:00-22:00
290.0,2021-05-12,54.0,54.0,07:00-08:00
6796.0,2021-05-12,3958.0,3958.0,08:00-09:00
66055.0,2021-05-12,39206.0,39206.0,09:00-10:00
11749.0,2021-05-12,5508.0,5508.0,20:00-21:00
320916.0,2021-05-12,168620.0,168620.0,11:00-12:00
249307.0,2021-05-12,130091.0,130091.0,13:00-14:00
210761.0,2021-05-12,112662.0,112662.0,14:00-15:00
201670.0,2021-05-12,105928.0,105928.0,15:00-16:00
142570.0,2021-05-12,72540.0,72540.0,16:00-17:00
317358.0,2021-05-12,165119.0,165119.0,12:00-13:00
422960.0,2021-05-11,182757.0,182757.0,12:00-13:00
41678.0,2021-05-11,17907.0,17907.0,18:00-19:00
82313.0,2021-05-11,36461.0,36461.0,17:00-18:00
174080.0,2021-05-11,77451.0,77451.0,16:00-17:00
254098.0,2021-05-11,119222.0,119222.0,15:00-16:00
271587.0,2021-05-11,121939.0,121939.0,14:00-15:00
322135.0,2021-05-11,144394.0,144394.0,13:00-14:00
87745.0,2021-05-11,42780.0,42780.0,09:00-10:00
410288.0,2021-05-11,179951.0,179951.0,11:00-12:00
288754.0,2021-05-11,132774.0,132774.0,10:00-11:00
8310.0,2021-05-11,3792.0,3792.0,08:00-09:00
689.0,2021-05-11,156.0,156.0,07:00-08:00
13697.0,2021-05-11,5866.0,5866.0,21:00-22:00
18722.0,2021-05-11,7657.0,7657.0,20:00-21:00
6513.0,2021-05-11,2639.0,2639.0,22:00-23:00
23828.0,2021-05-11,10480.0,10480.0,19:00-20:00
293769.0,2021-05-10,132257.0,132257.0,14:00-15:00
12683.0,2021-05-10,4956.0,4956.0,22:00-23:00
79784.0,2021-05-10,36183.0,36183.0,09:00-10:00
268068.0,2021-05-10,120144.0,120144.0,10:00-11:00
402482.0,2021-05-10,172178.0,172178.0,11:00-12:00
421867.0,2021-05-10,178234.0,178234.0,12:00-13:00
350469.0,2021-05-10,149333.0,149333.0,13:00-14:00
266919.0,2021-05-10,116599.0,116599.0,15:00-16:00
184736.0,2021-05-10,78741.0,78741.0,16:00-17:00
90524.0,2021-05-10,37783.0,37783.0,17:00-18:00
42907.0,2021-05-10,16888.0,16888.0,18:00-19:00
27725.0,2021-05-10,11057.0,11057.0,19:00-20:00
20152.0,2021-05-10,8111.0,8111.0,20:00-21:00
16902.0,2021-05-10,6685.0,6685.0,21:00-22:00
738.0,2021-05-10,62.0,62.0,07:00-08:00
7642.0,2021-05-10,1873.0,1873.0,08:00-09:00
83.0,2021-05-09,43.0,43.0,07:00-08:00
42040.0,2021-05-09,25496.0,25496.0,16:00-17:00
1601.0,2021-05-09,841.0,841.0,08:00-09:00
4261.0,2021-05-09,1937.0,1937.0,21:00-22:00
5095.0,2021-05-09,2401.0,2401.0,20:00-21:00
5414.0,2021-05-09,2576.0,2576.0,19:00-20:00
9738.0,2021-05-09,5255.0,5255.0,18:00-19:00
17992.0,2021-05-09,10216.0,10216.0,17:00-18:00
2947.0,2021-05-09,1387.0,1387.0,22:00-23:00
60968.0,2021-05-09,37974.0,37974.0,15:00-16:00
125921.0,2021-05-09,70927.0,70927.0,11:00-12:00
27266.0,2021-05-09,16675.0,16675.0,09:00-10:00
94056.0,2021-05-09,52947.0,52947.0,10:00-11:00
72701.0,2021-05-09,46221.0,46221.0,14:00-15:00
123793.0,2021-05-09,72531.0,72531.0,12:00-13:00
93035.0,2021-05-09,56855.0,56855.0,13:00-14:00
9477.0,2021-05-08,3754.0,3754.0,22:00-23:00
79546.0,2021-05-08,34835.0,34835.0,09:00-10:00
258777.0,2021-05-08,106648.0,106648.0,10:00-11:00
3235.0,2021-05-08,1170.0,1170.0,08:00-09:00
355137.0,2021-05-08,139432.0,139432.0,12:00-13:00
263972.0,2021-05-08,108149.0,108149.0,13:00-14:00
211325.0,2021-05-08,93637.0,93637.0,14:00-15:00
11111.0,2021-05-08,4483.0,4483.0,21:00-22:00
187249.0,2021-05-08,83112.0,83112.0,15:00-16:00
134685.0,2021-05-08,58847.0,58847.0,16:00-17:00
68912.0,2021-05-08,30090.0,30090.0,17:00-18:00
30415.0,2021-05-08,13495.0,13495.0,18:00-19:00
17457.0,2021-05-08,7354.0,7354.0,19:00-20:00
363230.0,2021-05-08,142220.0,142220.0,11:00-12:00
13374.0,2021-05-08,5674.0,5674.0,20:00-21:00
26913.0,2021-05-07,12229.0,12229.0,19:00-20:00
262049.0,2021-05-07,111684.0,111684.0,10:00-11:00
17764.0,2021-05-07,8057.0,8057.0,20:00-21:00
39804.0,2021-05-07,17935.0,17935.0,18:00-19:00
16044.0,2021-05-07,6976.0,6976.0,21:00-22:00
398.0,2021-05-07,130.0,130.0,07:00-08:00
5703.0,2021-05-07,2156.0,2156.0,08:00-09:00
77501.0,2021-05-07,35849.0,35849.0,09:00-10:00
11400.0,2021-05-07,4850.0,4850.0,22:00-23:00
382600.0,2021-05-07,155944.0,155944.0,11:00-12:00
308819.0,2021-05-07,126995.0,126995.0,13:00-14:00
259465.0,2021-05-07,114974.0,114974.0,14:00-15:00
81891.0,2021-05-07,37890.0,37890.0,17:00-18:00
163259.0,2021-05-07,78356.0,78356.0,16:00-17:00
387202.0,2021-05-07,157678.0,157678.0,12:00-13:00
235957.0,2021-05-07,109032.0,109032.0,15:00-16:00
311735.0,2021-05-06,137391.0,137391.0,13:00-14:00
669.0,2021-05-06,247.0,247.0,07:00-08:00
85416.0,2021-05-06,37777.0,37777.0,09:00-10:00
279028.0,2021-05-06,119058.0,119058.0,10:00-11:00
400297.0,2021-05-06,169312.0,169312.0,11:00-12:00
7182.0,2021-05-06,2436.0,2436.0,08:00-09:00
258714.0,2021-05-06,122479.0,122479.0,14:00-15:00
19426.0,2021-05-06,9296.0,9296.0,20:00-21:00
11452.0,2021-05-06,5342.0,5342.0,22:00-23:00
240102.0,2021-05-06,114246.0,114246.0,15:00-16:00
14743.0,2021-05-06,6956.0,6956.0,21:00-22:00
402837.0,2021-05-06,173678.0,173678.0,12:00-13:00
27428.0,2021-05-06,12754.0,12754.0,19:00-20:00
42051.0,2021-05-06,21099.0,21099.0,18:00-19:00
160581.0,2021-05-06,77098.0,77098.0,16:00-17:00
89121.0,2021-05-06,43810.0,43810.0,17:00-18:00
74829.0,2021-05-05,36795.0,36795.0,17:00-18:00
10024.0,2021-05-05,4852.0,4852.0,22:00-23:00
14312.0,2021-05-05,7189.0,7189.0,21:00-22:00
17571.0,2021-05-05,8928.0,8928.0,20:00-21:00
21793.0,2021-05-05,11010.0,11010.0,19:00-20:00
35319.0,2021-05-05,17772.0,17772.0,18:00-19:00
141854.0,2021-05-05,68615.0,68615.0,16:00-17:00
61351.0,2021-05-05,31055.0,31055.0,09:00-10:00
205943.0,2021-05-05,97762.0,97762.0,15:00-16:00
219321.0,2021-05-05,103202.0,103202.0,14:00-15:00
330257.0,2021-05-05,147202.0,147202.0,12:00-13:00
322913.0,2021-05-05,142102.0,142102.0,11:00-12:00
211316.0,2021-05-05,98471.0,98471.0,10:00-11:00
266720.0,2021-05-05,121033.0,121033.0,13:00-14:00
5724.0,2021-05-05,2086.0,2086.0,08:00-09:00
943.0,2021-05-05,149.0,149.0,07:00-08:00
313.0,2021-05-04,197.0,197.0,07:00-08:00
3601.0,2021-05-04,1836.0,1836.0,08:00-09:00
48464.0,2021-05-04,28561.0,28561.0,09:00-10:00
166529.0,2021-05-04,93312.0,93312.0,10:00-11:00
261876.0,2021-05-04,136782.0,136782.0,11:00-12:00
264879.0,2021-05-04,135000.0,135000.0,12:00-13:00
205626.0,2021-05-04,104383.0,104383.0,13:00-14:00
173154.0,2021-05-04,92153.0,92153.0,14:00-15:00
148362.0,2021-05-04,78313.0,78313.0,15:00-16:00
92665.0,2021-05-04,50309.0,50309.0,16:00-17:00
41593.0,2021-05-04,22678.0,22678.0,17:00-18:00
18583.0,2021-05-04,8904.0,8904.0,18:00-19:00
14494.0,2021-05-04,8122.0,8122.0,19:00-20:00
6656.0,2021-05-04,3416.0,3416.0,22:00-23:00
10948.0,2021-05-04,5975.0,5975.0,20:00-21:00
10231.0,2021-05-04,5671.0,5671.0,21:00-22:00
202425.0,2021-05-03,103668.0,103668.0,14:00-15:00
177739.0,2021-05-03,90519.0,90519.0,15:00-16:00
49270.0,2021-05-03,25315.0,25315.0,09:00-10:00
3016.0,2021-05-03,1547.0,1547.0,08:00-09:00
180264.0,2021-05-03,85841.0,85841.0,10:00-11:00
275468.0,2021-05-03,128752.0,128752.0,11:00-12:00
297200.0,2021-05-03,141288.0,141288.0,12:00-13:00
187.0,2021-05-03,106.0,106.0,07:00-08:00
236758.0,2021-05-03,115487.0,115487.0,13:00-14:00
119399.0,2021-05-03,61859.0,61859.0,16:00-17:00
57505.0,2021-05-03,30725.0,30725.0,17:00-18:00
29835.0,2021-05-03,15311.0,15311.0,18:00-19:00
21368.0,2021-05-03,11205.0,11205.0,19:00-20:00
15244.0,2021-05-03,7821.0,7821.0,20:00-21:00
14712.0,2021-05-03,7735.0,7735.0,21:00-22:00
10854.0,2021-05-03,5203.0,5203.0,22:00-23:00
63921.0,2021-05-02,40256.0,40256.0,13:00-14:00
41.0,2021-05-02,24.0,24.0,07:00-08:00
549.0,2021-05-02,340.0,340.0,08:00-09:00
17163.0,2021-05-02,10972.0,10972.0,09:00-10:00
59452.0,2021-05-02,37055.0,37055.0,10:00-11:00
86315.0,2021-05-02,52808.0,52808.0,11:00-12:00
86774.0,2021-05-02,52839.0,52839.0,12:00-13:00
8743.0,2021-05-02,5401.0,5401.0,18:00-19:00
52995.0,2021-05-02,33536.0,33536.0,14:00-15:00
43474.0,2021-05-02,26495.0,26495.0,15:00-16:00
27553.0,2021-05-02,17053.0,17053.0,16:00-17:00
12643.0,2021-05-02,7428.0,7428.0,17:00-18:00
5244.0,2021-05-02,3105.0,3105.0,19:00-20:00
4486.0,2021-05-02,2686.0,2686.0,20:00-21:00
4333.0,2021-05-02,2467.0,2467.0,21:00-22:00
3441.0,2021-05-02,2277.0,2277.0,22:00-23:00
16497.0,2021-05-01,9258.0,9258.0,19:00-20:00
7131.0,2021-05-01,3914.0,3914.0,22:00-23:00
45623.0,2021-05-01,27926.0,27926.0,17:00-18:00
91510.0,2021-05-01,54540.0,54540.0,16:00-17:00
133210.0,2021-05-01,76951.0,76951.0,15:00-16:00
150144.0,2021-05-01,85671.0,85671.0,14:00-15:00
189553.0,2021-05-01,105745.0,105745.0,13:00-14:00
245697.0,2021-05-01,131020.0,131020.0,12:00-13:00
240484.0,2021-05-01,122006.0,122006.0,11:00-12:00
11954.0,2021-05-01,7023.0,7023.0,20:00-21:00
153357.0,2021-05-01,75960.0,75960.0,10:00-11:00
11747.0,2021-05-01,6796.0,6796.0,21:00-22:00
23570.0,2021-05-01,14404.0,14404.0,18:00-19:00
135.0,2021-05-01,104.0,104.0,07:00-08:00
1722.0,2021-05-01,770.0,770.0,08:00-09:00
39218.0,2021-05-01,18414.0,18414.0,09:00-10:00
59515.0,2021-04-30,35612.0,35612.0,18:00-19:00
424894.0,2021-04-30,231115.0,231115.0,13:00-14:00
307565.0,2021-04-30,172403.0,172403.0,14:00-15:00
291474.0,2021-04-30,165846.0,165846.0,15:00-16:00
222953.0,2021-04-30,130615.0,130615.0,16:00-17:00
117053.0,2021-04-30,68991.0,68991.0,17:00-18:00
38580.0,2021-04-30,24531.0,24531.0,19:00-20:00
239082.0,2021-04-30,114112.0,114112.0,11:00-12:00
28835.0,2021-04-30,18584.0,18584.0,20:00-21:00
25110.0,2021-04-30,15863.0,15863.0,21:00-22:00
182172.0,2021-04-30,80146.0,80146.0,10:00-11:00
64678.0,2021-04-30,26097.0,26097.0,09:00-10:00
6019.0,2021-04-30,2168.0,2168.0,08:00-09:00
577.0,2021-04-30,238.0,238.0,07:00-08:00
20230.0,2021-04-30,13205.0,13205.0,22:00-23:00
373030.0,2021-04-30,190266.0,190266.0,12:00-13:00
136892.0,2021-04-29,78176.0,78176.0,17:00-18:00
36440.0,2021-04-29,22726.0,22726.0,20:00-21:00
45567.0,2021-04-29,26915.0,26915.0,19:00-20:00
72186.0,2021-04-29,41774.0,41774.0,18:00-19:00
206405.0,2021-04-29,115800.0,115800.0,16:00-17:00
262116.0,2021-04-29,147069.0,147069.0,14:00-15:00
271006.0,2021-04-29,146382.0,146382.0,13:00-14:00
262431.0,2021-04-29,136550.0,136550.0,12:00-13:00
211764.0,2021-04-29,104443.0,104443.0,11:00-12:00
142604.0,2021-04-29,66054.0,66054.0,10:00-11:00
40191.0,2021-04-29,16941.0,16941.0,09:00-10:00
3192.0,2021-04-29,1388.0,1388.0,08:00-09:00
273.0,2021-04-29,168.0,168.0,07:00-08:00
191218.0,2021-04-29,104801.0,104801.0,15:00-16:00
30309.0,2021-04-29,18840.0,18840.0,21:00-22:00
19159.0,2021-04-29,12118.0,12118.0,22:00-23:00
223522.0,2021-04-28,128246.0,128246.0,15:00-16:00
20185.0,2021-04-28,13113.0,13113.0,21:00-22:00
27101.0,2021-04-28,16541.0,16541.0,20:00-21:00
41505.0,2021-04-28,25254.0,25254.0,19:00-20:00
58042.0,2021-04-28,34438.0,34438.0,18:00-19:00
105328.0,2021-04-28,60544.0,60544.0,17:00-18:00
65479.0,2021-04-28,37756.0,37756.0,16:00-17:00
464.0,2021-04-28,228.0,228.0,07:00-08:00
19759.0,2021-04-28,12265.0,12265.0,22:00-23:00
293683.0,2021-04-28,167919.0,167919.0,13:00-14:00
307472.0,2021-04-28,168296.0,168296.0,12:00-13:00
268752.0,2021-04-28,138119.0,138119.0,11:00-12:00
172783.0,2021-04-28,82749.0,82749.0,10:00-11:00
54210.0,2021-04-28,22815.0,22815.0,09:00-10:00
3878.0,2021-04-28,1715.0,1715.0,08:00-09:00
254719.0,2021-04-28,149860.0,149860.0,14:00-15:00
514.0,2021-04-27,274.0,274.0,07:00-08:00
69290.0,2021-04-27,31517.0,31517.0,09:00-10:00
221315.0,2021-04-27,113550.0,113550.0,10:00-11:00
306054.0,2021-04-27,168833.0,168833.0,11:00-12:00
351014.0,2021-04-27,203421.0,203421.0,12:00-13:00
314764.0,2021-04-27,190809.0,190809.0,13:00-14:00
269138.0,2021-04-27,164177.0,164177.0,14:00-15:00
262830.0,2021-04-27,161780.0,161780.0,15:00-16:00
193504.0,2021-04-27,119085.0,119085.0,16:00-17:00
99763.0,2021-04-27,62504.0,62504.0,17:00-18:00
50866.0,2021-04-27,32382.0,32382.0,18:00-19:00
32497.0,2021-04-27,20727.0,20727.0,19:00-20:00
24202.0,2021-04-27,15105.0,15105.0,20:00-21:00
19194.0,2021-04-27,12284.0,12284.0,21:00-22:00
15746.0,2021-04-27,10568.0,10568.0,22:00-23:00
6044.0,2021-04-27,2670.0,2670.0,08:00-09:00
553.0,2021-04-26,199.0,199.0,07:00-08:00
385437.0,2021-04-26,234554.0,234554.0,13:00-14:00
346700.0,2021-04-26,212839.0,212839.0,14:00-15:00
34496.0,2021-04-26,23167.0,23167.0,21:00-22:00
40537.0,2021-04-26,25715.0,25715.0,20:00-21:00
56776.0,2021-04-26,36810.0,36810.0,19:00-20:00
89106.0,2021-04-26,55901.0,55901.0,18:00-19:00
195229.0,2021-04-26,124956.0,124956.0,17:00-18:00
357447.0,2021-04-26,228177.0,228177.0,16:00-17:00
362099.0,2021-04-26,225748.0,225748.0,15:00-16:00
25931.0,2021-04-26,17895.0,17895.0,22:00-23:00
448466.0,2021-04-26,262223.0,262223.0,12:00-13:00
384831.0,2021-04-26,213517.0,213517.0,11:00-12:00
243698.0,2021-04-26,126566.0,126566.0,10:00-11:00
80429.0,2021-04-26,37202.0,37202.0,09:00-10:00
7843.0,2021-04-26,3329.0,3329.0,08:00-09:00
80485.0,2021-04-25,55904.0,55904.0,15:00-16:00
1097.0,2021-04-25,450.0,450.0,08:00-09:00
114.0,2021-04-25,82.0,82.0,07:00-08:00
55923.0,2021-04-25,38941.0,38941.0,16:00-17:00
15298.0,2021-04-25,10582.0,10582.0,18:00-19:00
9095.0,2021-04-25,6814.0,6814.0,20:00-21:00
98967.0,2021-04-25,68650.0,68650.0,14:00-15:00
117180.0,2021-04-25,82129.0,82129.0,13:00-14:00
153993.0,2021-04-25,104093.0,104093.0,12:00-13:00
146256.0,2021-04-25,94411.0,94411.0,11:00-12:00
94906.0,2021-04-25,57260.0,57260.0,10:00-11:00
23640.0,2021-04-25,12950.0,12950.0,09:00-10:00
31504.0,2021-04-25,21696.0,21696.0,17:00-18:00
6469.0,2021-04-25,4478.0,4478.0,22:00-23:00
9033.0,2021-04-25,6310.0,6310.0,21:00-22:00
10284.0,2021-04-25,7265.0,7265.0,19:00-20:00
23935.0,2021-04-24,16185.0,16185.0,20:00-21:00
31597.0,2021-04-24,21113.0,21113.0,19:00-20:00
17136.0,2021-04-24,11646.0,11646.0,22:00-23:00
20062.0,2021-04-24,13579.0,13579.0,21:00-22:00
176097.0,2021-04-24,92079.0,92079.0,10:00-11:00
338523.0,2021-04-24,199225.0,199225.0,11:00-12:00
213.0,2021-04-24,54.0,54.0,07:00-08:00
2535.0,2021-04-24,849.0,849.0,08:00-09:00
50712.0,2021-04-24,34299.0,34299.0,18:00-19:00
97565.0,2021-04-24,66333.0,66333.0,17:00-18:00
205161.0,2021-04-24,137029.0,137029.0,16:00-17:00
280612.0,2021-04-24,187189.0,187189.0,15:00-16:00
292211.0,2021-04-24,190419.0,190419.0,14:00-15:00
53610.0,2021-04-24,24382.0,24382.0,09:00-10:00
380276.0,2021-04-24,237683.0,237683.0,12:00-13:00
316492.0,2021-04-24,206191.0,206191.0,13:00-14:00
62991.0,2021-04-23,42063.0,42063.0,18:00-19:00
5434.0,2021-04-23,2459.0,2459.0,08:00-09:00
61656.0,2021-04-23,28938.0,28938.0,09:00-10:00
208424.0,2021-04-23,108469.0,108469.0,10:00-11:00
352652.0,2021-04-23,201135.0,201135.0,11:00-12:00
415972.0,2021-04-23,253881.0,253881.0,12:00-13:00
334496.0,2021-04-23,210592.0,210592.0,13:00-14:00
294417.0,2021-04-23,187705.0,187705.0,14:00-15:00
313193.0,2021-04-23,202848.0,202848.0,15:00-16:00
267530.0,2021-04-23,177027.0,177027.0,16:00-17:00
135225.0,2021-04-23,89663.0,89663.0,17:00-18:00
39282.0,2021-04-23,26205.0,26205.0,19:00-20:00
29861.0,2021-04-23,21071.0,21071.0,20:00-21:00
24405.0,2021-04-23,16367.0,16367.0,21:00-22:00
20175.0,2021-04-23,14098.0,14098.0,22:00-23:00
378.0,2021-04-23,238.0,238.0,07:00-08:00
714.0,2021-04-22,250.0,250.0,07:00-08:00
20567.0,2021-04-22,14405.0,14405.0,22:00-23:00
73129.0,2021-04-22,31796.0,31796.0,09:00-10:00
233742.0,2021-04-22,116804.0,116804.0,10:00-11:00
390566.0,2021-04-22,212843.0,212843.0,11:00-12:00
443737.0,2021-04-22,254881.0,254881.0,12:00-13:00
380698.0,2021-04-22,230272.0,230272.0,13:00-14:00
309652.0,2021-04-22,188736.0,188736.0,14:00-15:00
336115.0,2021-04-22,203695.0,203695.0,15:00-16:00
286694.0,2021-04-22,173836.0,173836.0,16:00-17:00
26642.0,2021-04-22,17769.0,17769.0,21:00-22:00
145711.0,2021-04-22,86914.0,86914.0,17:00-18:00
69313.0,2021-04-22,41253.0,41253.0,18:00-19:00
43886.0,2021-04-22,27317.0,27317.0,19:00-20:00
32445.0,2021-04-22,21546.0,21546.0,20:00-21:00
7724.0,2021-04-22,2695.0,2695.0,08:00-09:00
14261.0,2021-04-21,10839.0,10839.0,22:00-23:00
469.0,2021-04-21,310.0,310.0,07:00-08:00
246299.0,2021-04-21,166695.0,166695.0,14:00-15:00
17908.0,2021-04-21,12351.0,12351.0,21:00-22:00
4784.0,2021-04-21,2446.0,2446.0,08:00-09:00
50288.0,2021-04-21,25658.0,25658.0,09:00-10:00
162971.0,2021-04-21,93907.0,93907.0,10:00-11:00
316174.0,2021-04-21,205836.0,205836.0,12:00-13:00
285120.0,2021-04-21,194209.0,194209.0,13:00-14:00
274866.0,2021-04-21,170393.0,170393.0,11:00-12:00
232808.0,2021-04-21,157191.0,157191.0,15:00-16:00
174697.0,2021-04-21,118303.0,118303.0,16:00-17:00
84980.0,2021-04-21,58250.0,58250.0,17:00-18:00
41695.0,2021-04-21,28458.0,28458.0,18:00-19:00
25595.0,2021-04-21,17721.0,17721.0,19:00-20:00
20185.0,2021-04-21,14448.0,14448.0,20:00-21:00
220328.0,2021-04-20,124039.0,124039.0,10:00-11:00
120863.0,2021-04-20,79114.0,79114.0,17:00-18:00
238844.0,2021-04-20,159966.0,159966.0,16:00-17:00
319294.0,2021-04-20,209625.0,209625.0,15:00-16:00
325367.0,2021-04-20,211853.0,211853.0,14:00-15:00
409250.0,2021-04-20,260452.0,260452.0,12:00-13:00
367666.0,2021-04-20,222702.0,222702.0,11:00-12:00
58429.0,2021-04-20,39516.0,39516.0,18:00-19:00
64650.0,2021-04-20,32704.0,32704.0,09:00-10:00
6219.0,2021-04-20,3082.0,3082.0,08:00-09:00
650.0,2021-04-20,375.0,375.0,07:00-08:00
28940.0,2021-04-20,20905.0,20905.0,20:00-21:00
23345.0,2021-04-20,16803.0,16803.0,21:00-22:00
20356.0,2021-04-20,14282.0,14282.0,22:00-23:00
35413.0,2021-04-20,24840.0,24840.0,19:00-20:00
350694.0,2021-04-20,230214.0,230214.0,13:00-14:00
30264.0,2021-04-19,22725.0,22725.0,21:00-22:00
377.0,2021-04-19,319.0,319.0,07:00-08:00
32367.0,2021-04-19,24057.0,24057.0,20:00-21:00
23715.0,2021-04-19,17587.0,17587.0,22:00-23:00
43691.0,2021-04-19,30999.0,30999.0,19:00-20:00
76213.0,2021-04-19,54952.0,54952.0,18:00-19:00
158868.0,2021-04-19,112755.0,112755.0,17:00-18:00
306990.0,2021-04-19,215121.0,215121.0,16:00-17:00
355564.0,2021-04-19,249579.0,249579.0,15:00-16:00
335435.0,2021-04-19,232017.0,232017.0,14:00-15:00
455785.0,2021-04-19,307930.0,307930.0,12:00-13:00
399178.0,2021-04-19,258007.0,258007.0,11:00-12:00
237238.0,2021-04-19,142537.0,142537.0,10:00-11:00
70758.0,2021-04-19,38843.0,38843.0,09:00-10:00
6268.0,2021-04-19,3549.0,3549.0,08:00-09:00
395702.0,2021-04-19,275316.0,275316.0,13:00-14:00
11700.0,2021-04-18,9051.0,9051.0,21:00-22:00
118162.0,2021-04-18,90198.0,90198.0,14:00-15:00
300.0,2021-04-18,221.0,221.0,07:00-08:00
9391.0,2021-04-18,7431.0,7431.0,22:00-23:00
28507.0,2021-04-18,18195.0,18195.0,09:00-10:00
105803.0,2021-04-18,72285.0,72285.0,10:00-11:00
167629.0,2021-04-18,120353.0,120353.0,11:00-12:00
180152.0,2021-04-18,133800.0,133800.0,12:00-13:00
141926.0,2021-04-18,108499.0,108499.0,13:00-14:00
2385.0,2021-04-18,1512.0,1512.0,08:00-09:00
76424.0,2021-04-18,58036.0,58036.0,16:00-17:00
38125.0,2021-04-18,30033.0,30033.0,17:00-18:00
21460.0,2021-04-18,16958.0,16958.0,18:00-19:00
15650.0,2021-04-18,12279.0,12279.0,19:00-20:00
103028.0,2021-04-18,79002.0,79002.0,15:00-16:00
12881.0,2021-04-18,9784.0,9784.0,20:00-21:00
370066.0,2021-04-17,274598.0,274598.0,12:00-13:00
296566.0,2021-04-17,226483.0,226483.0,15:00-16:00
25992.0,2021-04-17,20392.0,20392.0,20:00-21:00
22795.0,2021-04-17,18631.0,18631.0,21:00-22:00
19152.0,2021-04-17,15990.0,15990.0,22:00-23:00
50700.0,2021-04-17,39782.0,39782.0,18:00-19:00
105330.0,2021-04-17,81989.0,81989.0,17:00-18:00
228545.0,2021-04-17,176598.0,176598.0,16:00-17:00
31429.0,2021-04-17,24407.0,24407.0,19:00-20:00
312173.0,2021-04-17,239692.0,239692.0,14:00-15:00
324797.0,2021-04-17,246812.0,246812.0,13:00-14:00
328111.0,2021-04-17,229784.0,229784.0,11:00-12:00
198966.0,2021-04-17,129146.0,129146.0,10:00-11:00
56959.0,2021-04-17,33089.0,33089.0,09:00-10:00
4257.0,2021-04-17,2401.0,2401.0,08:00-09:00
411.0,2021-04-17,282.0,282.0,07:00-08:00
34725.0,2021-04-16,28214.0,28214.0,19:00-20:00
23297.0,2021-04-16,18875.0,18875.0,21:00-22:00
27238.0,2021-04-16,22206.0,22206.0,20:00-21:00
110571.0,2021-04-16,85675.0,85675.0,17:00-18:00
225904.0,2021-04-16,174978.0,174978.0,16:00-17:00
290321.0,2021-04-16,222541.0,222541.0,15:00-16:00
300548.0,2021-04-16,229461.0,229461.0,14:00-15:00
336651.0,2021-04-16,257696.0,257696.0,13:00-14:00
374487.0,2021-04-16,280599.0,280599.0,12:00-13:00
336943.0,2021-04-16,242714.0,242714.0,11:00-12:00
207673.0,2021-04-16,139595.0,139595.0,10:00-11:00
64675.0,2021-04-16,38906.0,38906.0,09:00-10:00
5032.0,2021-04-16,3022.0,3022.0,08:00-09:00
526.0,2021-04-16,389.0,389.0,07:00-08:00
20333.0,2021-04-16,16746.0,16746.0,22:00-23:00
55081.0,2021-04-16,44371.0,44371.0,18:00-19:00
65051.0,2021-04-15,42042.0,42042.0,09:00-10:00
610.0,2021-04-15,527.0,527.0,07:00-08:00
21550.0,2021-04-15,19031.0,19031.0,22:00-23:00
25277.0,2021-04-15,21551.0,21551.0,21:00-22:00
29149.0,2021-04-15,24284.0,24284.0,20:00-21:00
37858.0,2021-04-15,31627.0,31627.0,19:00-20:00
56004.0,2021-04-15,46432.0,46432.0,18:00-19:00
98919.0,2021-04-15,80853.0,80853.0,17:00-18:00
289737.0,2021-04-15,232844.0,232844.0,15:00-16:00
296378.0,2021-04-15,238786.0,238786.0,14:00-15:00
344770.0,2021-04-15,279900.0,279900.0,13:00-14:00
382190.0,2021-04-15,301010.0,301010.0,12:00-13:00
335486.0,2021-04-15,255002.0,255002.0,11:00-12:00
218134.0,2021-04-15,155884.0,155884.0,10:00-11:00
218038.0,2021-04-15,174516.0,174516.0,16:00-17:00
5402.0,2021-04-15,3551.0,3551.0,08:00-09:00
1804.0,2021-04-14,1651.0,1651.0,07:00-08:00
28247.0,2021-04-14,25630.0,25630.0,22:00-23:00
232192.0,2021-04-14,189192.0,189192.0,10:00-11:00
412034.0,2021-04-14,344933.0,344933.0,11:00-12:00
476262.0,2021-04-14,408991.0,408991.0,12:00-13:00
402067.0,2021-04-14,350045.0,350045.0,13:00-14:00
356834.0,2021-04-14,310908.0,310908.0,14:00-15:00
350311.0,2021-04-14,306122.0,306122.0,15:00-16:00
300677.0,2021-04-14,264453.0,264453.0,16:00-17:00
161042.0,2021-04-14,143011.0,143011.0,17:00-18:00
83672.0,2021-04-14,75807.0,75807.0,18:00-19:00
55384.0,2021-04-14,50412.0,50412.0,19:00-20:00
47047.0,2021-04-14,42188.0,42188.0,20:00-21:00
36098.0,2021-04-14,33096.0,33096.0,21:00-22:00
11815.0,2021-04-14,10542.0,10542.0,08:00-09:00
75652.0,2021-04-14,60609.0,60609.0,09:00-10:00
36545.0,2021-04-13,33159.0,33159.0,20:00-21:00
321923.0,2021-04-13,278753.0,278753.0,14:00-15:00
26215.0,2021-04-13,23952.0,23952.0,22:00-23:00
32492.0,2021-04-13,29672.0,29672.0,21:00-22:00
40462.0,2021-04-13,36424.0,36424.0,19:00-20:00
64279.0,2021-04-13,56510.0,56510.0,18:00-19:00
122416.0,2021-04-13,107494.0,107494.0,17:00-18:00
239744.0,2021-04-13,208671.0,208671.0,16:00-17:00
309218.0,2021-04-13,266038.0,266038.0,15:00-16:00
373619.0,2021-04-13,318301.0,318301.0,12:00-13:00
350321.0,2021-04-13,302221.0,302221.0,13:00-14:00
316195.0,2021-04-13,263567.0,263567.0,11:00-12:00
188513.0,2021-04-13,152024.0,152024.0,10:00-11:00
55434.0,2021-04-13,43395.0,43395.0,09:00-10:00
11824.0,2021-04-13,10034.0,10034.0,08:00-09:00
7489.0,2021-04-13,6828.0,6828.0,07:00-08:00
450630.0,2021-04-12,394730.0,394730.0,14:00-15:00
626.0,2021-04-12,592.0,592.0,07:00-08:00
5534.0,2021-04-12,4199.0,4199.0,08:00-09:00
76204.0,2021-04-12,57498.0,57498.0,09:00-10:00
260636.0,2021-04-12,210383.0,210383.0,10:00-11:00
455821.0,2021-04-12,383367.0,383367.0,11:00-12:00
537508.0,2021-04-12,463832.0,463832.0,12:00-13:00
506658.0,2021-04-12,442699.0,442699.0,13:00-14:00
268663.0,2021-04-12,234269.0,234269.0,17:00-18:00
446787.0,2021-04-12,390797.0,390797.0,15:00-16:00
374618.0,2021-04-12,326614.0,326614.0,16:00-17:00
73700.0,2021-04-12,65749.0,65749.0,19:00-20:00
119970.0,2021-04-12,106145.0,106145.0,18:00-19:00
33476.0,2021-04-12,30497.0,30497.0,22:00-23:00
44293.0,2021-04-12,39831.0,39831.0,21:00-22:00
56980.0,2021-04-12,50621.0,50621.0,20:00-21:00
43102.0,2021-04-11,36590.0,36590.0,09:00-10:00
3177.0,2021-04-11,2655.0,2655.0,08:00-09:00
285505.0,2021-04-11,266384.0,266384.0,14:00-15:00
175513.0,2021-04-11,155385.0,155385.0,10:00-11:00
280226.0,2021-04-11,261468.0,261468.0,15:00-16:00
264048.0,2021-04-11,247409.0,247409.0,16:00-17:00
133157.0,2021-04-11,124733.0,124733.0,17:00-18:00
297953.0,2021-04-11,269778.0,269778.0,11:00-12:00
66916.0,2021-04-11,62668.0,62668.0,18:00-19:00
46777.0,2021-04-11,43933.0,43933.0,19:00-20:00
39375.0,2021-04-11,37419.0,37419.0,20:00-21:00
38888.0,2021-04-11,36679.0,36679.0,21:00-22:00
28948.0,2021-04-11,27204.0,27204.0,22:00-23:00
364930.0,2021-04-11,335662.0,335662.0,12:00-13:00
373.0,2021-04-11,359.0,359.0,07:00-08:00
323193.0,2021-04-11,300507.0,300507.0,13:00-14:00
69422.0,2021-04-10,63538.0,63538.0,19:00-20:00
47953.0,2021-04-10,44856.0,44856.0,21:00-22:00
216458.0,2021-04-10,182339.0,182339.0,10:00-11:00
103939.0,2021-04-10,94421.0,94421.0,18:00-19:00
228811.0,2021-04-10,205972.0,205972.0,17:00-18:00
363291.0,2021-04-10,327521.0,327521.0,16:00-17:00
383305.0,2021-04-10,344953.0,344953.0,15:00-16:00
363798.0,2021-04-10,327733.0,327733.0,14:00-15:00
422137.0,2021-04-10,377722.0,377722.0,13:00-14:00
472.0,2021-04-10,427.0,427.0,07:00-08:00
4773.0,2021-04-10,3737.0,3737.0,08:00-09:00
453107.0,2021-04-10,401584.0,401584.0,12:00-13:00
58762.0,2021-04-10,54771.0,54771.0,20:00-21:00
376641.0,2021-04-10,327074.0,327074.0,11:00-12:00
67443.0,2021-04-10,54121.0,54121.0,09:00-10:00
40761.0,2021-04-10,37731.0,37731.0,22:00-23:00
51673.0,2021-04-09,47141.0,47141.0,20:00-21:00
14530.0,2021-04-09,13454.0,13454.0,22:00-23:00
308.0,2021-04-09,264.0,264.0,07:00-08:00
5759.0,2021-04-09,4645.0,4645.0,08:00-09:00
74370.0,2021-04-09,60122.0,60122.0,09:00-10:00
247049.0,2021-04-09,208491.0,208491.0,10:00-11:00
57457.0,2021-04-09,52349.0,52349.0,19:00-20:00
94816.0,2021-04-09,85699.0,85699.0,18:00-19:00
236928.0,2021-04-09,213678.0,213678.0,17:00-18:00
351797.0,2021-04-09,316594.0,316594.0,16:00-17:00
402015.0,2021-04-09,359891.0,359891.0,15:00-16:00
388907.0,2021-04-09,348926.0,348926.0,14:00-15:00
435569.0,2021-04-09,391067.0,391067.0,13:00-14:00
500264.0,2021-04-09,442463.0,442463.0,12:00-13:00
429806.0,2021-04-09,373726.0,373726.0,11:00-12:00
44006.0,2021-04-09,40403.0,40403.0,21:00-22:00
518.0,2021-04-08,473.0,473.0,07:00-08:00
35087.0,2021-04-08,32286.0,32286.0,22:00-23:00
75220.0,2021-04-08,62544.0,62544.0,09:00-10:00
42455.0,2021-04-08,39377.0,39377.0,21:00-22:00
4650.0,2021-04-08,3761.0,3761.0,08:00-09:00
351604.0,2021-04-08,318122.0,318122.0,16:00-17:00
268612.0,2021-04-08,233498.0,233498.0,10:00-11:00
473642.0,2021-04-08,421099.0,421099.0,11:00-12:00
541382.0,2021-04-08,487317.0,487317.0,12:00-13:00
483756.0,2021-04-08,439819.0,439819.0,13:00-14:00
417431.0,2021-04-08,378681.0,378681.0,14:00-15:00
441124.0,2021-04-08,398046.0,398046.0,15:00-16:00
225531.0,2021-04-08,204723.0,204723.0,17:00-18:00
96442.0,2021-04-08,88181.0,88181.0,18:00-19:00
53756.0,2021-04-08,50401.0,50401.0,20:00-21:00
63674.0,2021-04-08,59061.0,59061.0,19:00-20:00
16793.0,2021-04-07,15762.0,15762.0,19:00-20:00
37761.0,2021-04-07,35296.0,35296.0,18:00-19:00
2060.0,2021-04-07,1783.0,1783.0,08:00-09:00
118850.0,2021-04-07,105315.0,105315.0,10:00-11:00
206595.0,2021-04-07,186485.0,186485.0,11:00-12:00
223130.0,2021-04-07,204116.0,204116.0,12:00-13:00
374868.0,2021-04-07,344633.0,344633.0,13:00-14:00
374180.0,2021-04-07,345081.0,345081.0,14:00-15:00
382731.0,2021-04-07,351624.0,351624.0,15:00-16:00
313475.0,2021-04-07,289612.0,289612.0,16:00-17:00
133652.0,2021-04-07,123383.0,123383.0,17:00-18:00
223.0,2021-04-07,180.0,180.0,07:00-08:00
11498.0,2021-04-07,10872.0,10872.0,20:00-21:00
33800.0,2021-04-07,28996.0,28996.0,09:00-10:00
9921.0,2021-04-07,9446.0,9446.0,21:00-22:00
7376.0,2021-04-07,6990.0,6990.0,22:00-23:00
11452.0,2021-04-06,5342.0,5342.0,22:00-23:00
402837.0,2021-04-06,173678.0,173678.0,12:00-13:00
669.0,2021-04-06,247.0,247.0,07:00-08:00
7182.0,2021-04-06,2436.0,2436.0,08:00-09:00
19426.0,2021-04-06,9296.0,9296.0,20:00-21:00
14743.0,2021-04-06,6956.0,6956.0,21:00-22:00
258714.0,2021-04-06,122479.0,122479.0,14:00-15:00
27428.0,2021-04-06,12754.0,12754.0,19:00-20:00
42051.0,2021-04-06,21099.0,21099.0,18:00-19:00
89121.0,2021-04-06,43810.0,43810.0,17:00-18:00
160581.0,2021-04-06,77098.0,77098.0,16:00-17:00
240102.0,2021-04-06,114246.0,114246.0,15:00-16:00
400297.0,2021-04-06,169312.0,169312.0,11:00-12:00
311735.0,2021-04-06,137391.0,137391.0,13:00-14:00
279028.0,2021-04-06,119058.0,119058.0,10:00-11:00
85416.0,2021-04-06,37777.0,37777.0,09:00-10:00
244284.0,2021-04-05,225946.0,225946.0,14:00-15:00
8638.0,2021-04-05,8161.0,8161.0,21:00-22:00
509352.0,2021-04-05,460645.0,460645.0,11:00-12:00
692.0,2021-04-05,531.0,531.0,07:00-08:00
5772.0,2021-04-05,5415.0,5415.0,22:00-23:00
10508.0,2021-04-05,9865.0,9865.0,20:00-21:00
13713.0,2021-04-05,12755.0,12755.0,19:00-20:00
22196.0,2021-04-05,20486.0,20486.0,18:00-19:00
45612.0,2021-04-05,41899.0,41899.0,17:00-18:00
92543.0,2021-04-05,85129.0,85129.0,16:00-17:00
162763.0,2021-04-05,149656.0,149656.0,15:00-16:00
435394.0,2021-04-05,401780.0,401780.0,13:00-14:00
603199.0,2021-04-05,552421.0,552421.0,12:00-13:00
5639.0,2021-04-05,4885.0,4885.0,08:00-09:00
81670.0,2021-04-05,68949.0,68949.0,09:00-10:00
296379.0,2021-04-05,261154.0,261154.0,10:00-11:00
143453.0,2021-04-04,135980.0,135980.0,14:00-15:00
37759.0,2021-04-04,34004.0,34004.0,09:00-10:00
13253.0,2021-04-04,12419.0,12419.0,20:00-21:00
11068.0,2021-04-04,10556.0,10556.0,22:00-23:00
13183.0,2021-04-04,12398.0,12398.0,21:00-22:00
135202.0,2021-04-04,128607.0,128607.0,15:00-16:00
2608.0,2021-04-04,2367.0,2367.0,08:00-09:00
531.0,2021-04-04,394.0,394.0,07:00-08:00
140397.0,2021-04-04,129083.0,129083.0,10:00-11:00
199256.0,2021-04-04,185907.0,185907.0,11:00-12:00
207452.0,2021-04-04,195272.0,195272.0,12:00-13:00
186019.0,2021-04-04,176345.0,176345.0,13:00-14:00
16719.0,2021-04-04,15904.0,15904.0,19:00-20:00
27065.0,2021-04-04,25535.0,25535.0,18:00-19:00
50123.0,2021-04-04,47280.0,47280.0,17:00-18:00
100819.0,2021-04-04,95849.0,95849.0,16:00-17:00
54262.0,2021-04-03,50865.0,50865.0,16:00-17:00
2329.0,2021-04-03,2191.0,2191.0,22:00-23:00
2696.0,2021-04-03,2538.0,2538.0,21:00-22:00
3033.0,2021-04-03,2852.0,2852.0,20:00-21:00
3996.0,2021-04-03,3731.0,3731.0,19:00-20:00
12741.0,2021-04-03,12072.0,12072.0,18:00-19:00
33286.0,2021-04-03,31221.0,31221.0,17:00-18:00
79428.0,2021-04-03,68515.0,68515.0,09:00-10:00
91297.0,2021-04-03,85390.0,85390.0,15:00-16:00
162860.0,2021-04-03,152575.0,152575.0,14:00-15:00
379977.0,2021-04-03,354831.0,354831.0,13:00-14:00
547726.0,2021-04-03,507298.0,507298.0,12:00-13:00
484729.0,2021-04-03,443500.0,443500.0,11:00-12:00
287360.0,2021-04-03,257985.0,257985.0,10:00-11:00
4818.0,2021-04-03,4229.0,4229.0,08:00-09:00
600.0,2021-04-03,532.0,532.0,07:00-08:00
366914.0,2021-04-02,337238.0,337238.0,11:00-12:00
92728.0,2021-04-02,87809.0,87809.0,17:00-18:00
440933.0,2021-04-02,411357.0,411357.0,12:00-13:00
387845.0,2021-04-02,364676.0,364676.0,13:00-14:00
339553.0,2021-04-02,320418.0,320418.0,14:00-15:00
259022.0,2021-04-02,244303.0,244303.0,15:00-16:00
158000.0,2021-04-02,149308.0,149308.0,16:00-17:00
220466.0,2021-04-02,197957.0,197957.0,10:00-11:00
28668.0,2021-04-02,27160.0,27160.0,18:00-19:00
15687.0,2021-04-02,14939.0,14939.0,19:00-20:00
12036.0,2021-04-02,11481.0,11481.0,20:00-21:00
9958.0,2021-04-02,9471.0,9471.0,21:00-22:00
7619.0,2021-04-02,7265.0,7265.0,22:00-23:00
3852.0,2021-04-02,3384.0,3384.0,08:00-09:00
428.0,2021-04-02,385.0,385.0,07:00-08:00
59501.0,2021-04-02,51747.0,51747.0,09:00-10:00
7297.0,2021-04-01,6962.0,6962.0,21:00-22:00
415993.0,2021-04-01,387349.0,387349.0,13:00-14:00
239108.0,2021-04-01,223614.0,223614.0,15:00-16:00
226958.0,2021-04-01,206555.0,206555.0,10:00-11:00
396396.0,2021-04-01,366363.0,366363.0,11:00-12:00
493026.0,2021-04-01,456285.0,456285.0,12:00-13:00
3633.0,2021-04-01,3272.0,3272.0,08:00-09:00
337689.0,2021-04-01,315738.0,315738.0,14:00-15:00
154077.0,2021-04-01,144537.0,144537.0,16:00-17:00
69271.0,2021-04-01,65214.0,65214.0,17:00-18:00
25595.0,2021-04-01,24458.0,24458.0,18:00-19:00
13183.0,2021-04-01,12592.0,12592.0,19:00-20:00
7995.0,2021-04-01,7671.0,7671.0,20:00-21:00
312.0,2021-04-01,304.0,304.0,07:00-08:00
5474.0,2021-04-01,5215.0,5215.0,22:00-23:00
62296.0,2021-04-01,55911.0,55911.0,09:00-10:00
1631.0,2021-03-31,1315.0,1315.0,08:00-09:00
101.0,2021-03-31,86.0,86.0,07:00-08:00
268393.0,2021-03-31,239083.0,239083.0,11:00-12:00
158154.0,2021-03-31,136422.0,136422.0,10:00-11:00
18714.0,2021-03-31,17562.0,17562.0,21:00-22:00
41060.0,2021-03-31,33975.0,33975.0,09:00-10:00
15558.0,2021-03-31,14672.0,14672.0,22:00-23:00
42336.0,2021-03-31,39096.0,39096.0,17:00-18:00
24492.0,2021-03-31,23070.0,23070.0,20:00-21:00
31219.0,2021-03-31,29413.0,29413.0,19:00-20:00
34151.0,2021-03-31,31754.0,31754.0,18:00-19:00
181567.0,2021-03-31,165073.0,165073.0,16:00-17:00
228501.0,2021-03-31,206400.0,206400.0,15:00-16:00
222362.0,2021-03-31,201579.0,201579.0,14:00-15:00
247939.0,2021-03-31,225303.0,225303.0,13:00-14:00
292039.0,2021-03-31,262966.0,262966.0,12:00-13:00
199516.0,2021-03-30,181762.0,181762.0,15:00-16:00
13575.0,2021-03-30,13022.0,13022.0,22:00-23:00
16838.0,2021-03-30,16097.0,16097.0,21:00-22:00
24444.0,2021-03-30,23090.0,23090.0,19:00-20:00
33290.0,2021-03-30,31293.0,31293.0,18:00-19:00
70005.0,2021-03-30,65030.0,65030.0,17:00-18:00
146286.0,2021-03-30,133978.0,133978.0,16:00-17:00
18830.0,2021-03-30,17990.0,17990.0,20:00-21:00
212635.0,2021-03-30,195717.0,195717.0,14:00-15:00
40449.0,2021-03-30,35191.0,35191.0,09:00-10:00
256022.0,2021-03-30,236286.0,236286.0,13:00-14:00
1893.0,2021-03-30,1598.0,1598.0,08:00-09:00
109.0,2021-03-30,97.0,97.0,07:00-08:00
163373.0,2021-03-30,146194.0,146194.0,10:00-11:00
282780.0,2021-03-30,257273.0,257273.0,12:00-13:00
265895.0,2021-03-30,240977.0,240977.0,11:00-12:00
57360.0,2021-03-29,54043.0,54043.0,14:00-15:00
3821.0,2021-03-29,3675.0,3675.0,20:00-21:00
5946.0,2021-03-29,5694.0,5694.0,19:00-20:00
9279.0,2021-03-29,8672.0,8672.0,18:00-19:00
17511.0,2021-03-29,16340.0,16340.0,17:00-18:00
41123.0,2021-03-29,38597.0,38597.0,16:00-17:00
60463.0,2021-03-29,56703.0,56703.0,15:00-16:00
119387.0,2021-03-29,113634.0,113634.0,12:00-13:00
80742.0,2021-03-29,77325.0,77325.0,13:00-14:00
110718.0,2021-03-29,105237.0,105237.0,11:00-12:00
2905.0,2021-03-29,2782.0,2782.0,21:00-22:00
2957.0,2021-03-29,2816.0,2816.0,22:00-23:00
18298.0,2021-03-29,17377.0,17377.0,09:00-10:00
893.0,2021-03-29,767.0,767.0,08:00-09:00
39.0,2021-03-29,37.0,37.0,07:00-08:00
70418.0,2021-03-29,67417.0,67417.0,10:00-11:00
3623.0,2021-03-28,3440.0,3440.0,20:00-21:00
5081.0,2021-03-28,5035.0,5035.0,18:00-19:00
29068.0,2021-03-28,28470.0,28470.0,14:00-15:00
2489.0,2021-03-28,2446.0,2446.0,21:00-22:00
2530.0,2021-03-28,2503.0,2503.0,22:00-23:00
4450.0,2021-03-28,4288.0,4288.0,19:00-20:00
57.0,2021-03-28,55.0,55.0,07:00-08:00
9122.0,2021-03-28,8950.0,8950.0,17:00-18:00
16798.0,2021-03-28,16528.0,16528.0,16:00-17:00
24212.0,2021-03-28,23856.0,23856.0,15:00-16:00
34143.0,2021-03-28,33436.0,33436.0,13:00-14:00
41832.0,2021-03-28,40848.0,40848.0,12:00-13:00
39468.0,2021-03-28,38452.0,38452.0,11:00-12:00
21546.0,2021-03-28,21172.0,21172.0,10:00-11:00
5069.0,2021-03-28,4904.0,4904.0,09:00-10:00
325.0,2021-03-28,319.0,319.0,08:00-09:00
330698.0,2021-03-27,314027.0,314027.0,12:00-13:00
255279.0,2021-03-27,243205.0,243205.0,15:00-16:00
233340.0,2021-03-27,222336.0,222336.0,14:00-15:00
260574.0,2021-03-27,248114.0,248114.0,13:00-14:00
96596.0,2021-03-27,93124.0,93124.0,17:00-18:00
297154.0,2021-03-27,282029.0,282029.0,11:00-12:00
52719.0,2021-03-27,50152.0,50152.0,09:00-10:00
7190.0,2021-03-27,6961.0,6961.0,08:00-09:00
5371.0,2021-03-27,5266.0,5266.0,07:00-08:00
216355.0,2021-03-27,207119.0,207119.0,16:00-17:00
179110.0,2021-03-27,170207.0,170207.0,10:00-11:00
44258.0,2021-03-27,43196.0,43196.0,18:00-19:00
21666.0,2021-03-27,20855.0,20855.0,20:00-21:00
20933.0,2021-03-27,20581.0,20581.0,21:00-22:00
17721.0,2021-03-27,17554.0,17554.0,22:00-23:00
26374.0,2021-03-27,25751.0,25751.0,19:00-20:00
257801.0,2021-03-26,242637.0,242637.0,16:00-17:00
200516.0,2021-03-26,188619.0,188619.0,10:00-11:00
6709.0,2021-03-26,6386.0,6386.0,08:00-09:00
3132.0,2021-03-26,3057.0,3057.0,07:00-08:00
353360.0,2021-03-26,331486.0,331486.0,11:00-12:00
387486.0,2021-03-26,363670.0,363670.0,12:00-13:00
321024.0,2021-03-26,302923.0,302923.0,13:00-14:00
286932.0,2021-03-26,270607.0,270607.0,14:00-15:00
290315.0,2021-03-26,271712.0,271712.0,15:00-16:00
53285.0,2021-03-26,50080.0,50080.0,09:00-10:00
96957.0,2021-03-26,92739.0,92739.0,17:00-18:00
26768.0,2021-03-26,26098.0,26098.0,19:00-20:00
20349.0,2021-03-26,19806.0,19806.0,20:00-21:00
14630.0,2021-03-26,14258.0,14258.0,21:00-22:00
39543.0,2021-03-26,38547.0,38547.0,18:00-19:00
12854.0,2021-03-26,12643.0,12643.0,22:00-23:00
372555.0,2021-03-25,343096.0,343096.0,12:00-13:00
234231.0,2021-03-25,216957.0,216957.0,16:00-17:00
267393.0,2021-03-25,246280.0,246280.0,15:00-16:00
269674.0,2021-03-25,250479.0,250479.0,14:00-15:00
296186.0,2021-03-25,274254.0,274254.0,13:00-14:00
193162.0,2021-03-25,177757.0,177757.0,10:00-11:00
329255.0,2021-03-25,303243.0,303243.0,11:00-12:00
47564.0,2021-03-25,45264.0,45264.0,18:00-19:00
52659.0,2021-03-25,48485.0,48485.0,09:00-10:00
6515.0,2021-03-25,6221.0,6221.0,08:00-09:00
5073.0,2021-03-25,4952.0,4952.0,07:00-08:00
98914.0,2021-03-25,93086.0,93086.0,17:00-18:00
27498.0,2021-03-25,26589.0,26589.0,20:00-21:00
32887.0,2021-03-25,31336.0,31336.0,19:00-20:00
21820.0,2021-03-25,20973.0,20973.0,21:00-22:00
19138.0,2021-03-25,18557.0,18557.0,22:00-23:00
263386.0,2021-03-24,244453.0,244453.0,15:00-16:00
265817.0,2021-03-24,249041.0,249041.0,14:00-15:00
325663.0,2021-03-24,303585.0,303585.0,13:00-14:00
15967.0,2021-03-24,14992.0,14992.0,09:00-10:00
40281.0,2021-03-24,38970.0,38970.0,19:00-20:00
103394.0,2021-03-24,96032.0,96032.0,10:00-11:00
329418.0,2021-03-24,306539.0,306539.0,12:00-13:00
252046.0,2021-03-24,235199.0,235199.0,11:00-12:00
241526.0,2021-03-24,223923.0,223923.0,16:00-17:00
3072.0,2021-03-24,2946.0,2946.0,08:00-09:00
73059.0,2021-03-24,69903.0,69903.0,18:00-19:00
171952.0,2021-03-24,161927.0,161927.0,17:00-18:00
30366.0,2021-03-24,29457.0,29457.0,20:00-21:00
806.0,2021-03-24,791.0,791.0,23:00-00:00
23502.0,2021-03-24,22782.0,22782.0,21:00-22:00
21754.0,2021-03-24,21222.0,21222.0,22:00-23:00
16924.0,2021-03-23,15261.0,15261.0,09:00-10:00
326145.0,2021-03-23,297023.0,297023.0,12:00-13:00
326247.0,2021-03-23,296848.0,296848.0,13:00-14:00
254530.0,2021-03-23,233659.0,233659.0,14:00-15:00
254597.0,2021-03-23,231045.0,231045.0,15:00-16:00
102301.0,2021-03-23,92616.0,92616.0,10:00-11:00
172984.0,2021-03-23,160713.0,160713.0,17:00-18:00
3080.0,2021-03-23,2957.0,2957.0,08:00-09:00
80193.0,2021-03-23,76223.0,76223.0,18:00-19:00
45759.0,2021-03-23,43410.0,43410.0,19:00-20:00
33565.0,2021-03-23,31976.0,31976.0,20:00-21:00
28078.0,2021-03-23,26882.0,26882.0,21:00-22:00
15782.0,2021-03-23,15355.0,15355.0,23:00-00:00
19071.0,2021-03-23,18475.0,18475.0,22:00-23:00
223587.0,2021-03-23,203274.0,203274.0,16:00-17:00
243821.0,2021-03-23,220711.0,220711.0,11:00-12:00
36.0,2021-03-23,33.0,33.0,00:00-01:00
6786.0,2021-03-22,6358.0,6358.0,22:00-23:00
13563.0,2021-03-22,12085.0,12085.0,09:00-10:00
9987.0,2021-03-22,9424.0,9424.0,20:00-21:00
102346.0,2021-03-22,91327.0,91327.0,17:00-18:00
377367.0,2021-03-22,340844.0,340844.0,14:00-15:00
235775.0,2021-03-22,210028.0,210028.0,16:00-17:00
343093.0,2021-03-22,307996.0,307996.0,15:00-16:00
455078.0,2021-03-22,410756.0,410756.0,13:00-14:00
1577.0,2021-03-22,1513.0,1513.0,08:00-09:00
431446.0,2021-03-22,388452.0,388452.0,12:00-13:00
38958.0,2021-03-22,35645.0,35645.0,18:00-19:00
320056.0,2021-03-22,287061.0,287061.0,11:00-12:00
7510.0,2021-03-22,6976.0,6976.0,21:00-22:00
126201.0,2021-03-22,112686.0,112686.0,10:00-11:00
15.0,2021-03-22,15.0,15.0,00:00-01:00
4611.0,2021-03-22,4353.0,4353.0,23:00-00:00
15224.0,2021-03-22,14016.0,14016.0,19:00-20:00
3838.0,2021-03-21,3788.0,3788.0,23:00-00:00
79562.0,2021-03-21,76385.0,76385.0,12:00-13:00
59142.0,2021-03-21,56618.0,56618.0,11:00-12:00
8193.0,2021-03-21,7815.0,7815.0,09:00-10:00
25645.0,2021-03-21,24539.0,24539.0,10:00-11:00
60596.0,2021-03-21,58461.0,58461.0,14:00-15:00
58212.0,2021-03-21,56252.0,56252.0,15:00-16:00
3118.0,2021-03-21,3049.0,3049.0,08:00-09:00
56379.0,2021-03-21,54755.0,54755.0,16:00-17:00
74263.0,2021-03-21,71481.0,71481.0,13:00-14:00
20075.0,2021-03-21,19595.0,19595.0,18:00-19:00
38998.0,2021-03-21,38109.0,38109.0,17:00-18:00
8175.0,2021-03-21,8029.0,8029.0,20:00-21:00
5159.0,2021-03-21,5041.0,5041.0,22:00-23:00
6226.0,2021-03-21,6111.0,6111.0,21:00-22:00
12352.0,2021-03-21,12213.0,12213.0,19:00-20:00
114370.0,2021-03-20,102031.0,102031.0,10:00-11:00
2264.0,2021-03-20,2045.0,2045.0,08:00-09:00
279810.0,2021-03-20,253582.0,253582.0,15:00-16:00
353594.0,2021-03-20,320616.0,320616.0,12:00-13:00
16084.0,2021-03-20,14226.0,14226.0,09:00-10:00
354956.0,2021-03-20,321999.0,321999.0,13:00-14:00
283281.0,2021-03-20,257934.0,257934.0,14:00-15:00
274884.0,2021-03-20,249386.0,249386.0,16:00-17:00
148426.0,2021-03-20,136132.0,136132.0,17:00-18:00
56665.0,2021-03-20,53157.0,53157.0,18:00-19:00
16082.0,2021-03-20,15111.0,15111.0,20:00-21:00
25121.0,2021-03-20,23376.0,23376.0,19:00-20:00
12412.0,2021-03-20,11890.0,11890.0,21:00-22:00
8750.0,2021-03-20,8428.0,8428.0,22:00-23:00
6632.0,2021-03-20,6439.0,6439.0,23:00-00:00
23.0,2021-03-20,23.0,23.0,00:00-01:00
268044.0,2021-03-20,241878.0,241878.0,11:00-12:00
291877.0,2021-03-19,260477.0,260477.0,11:00-12:00
116676.0,2021-03-19,103342.0,103342.0,10:00-11:00
13.0,2021-03-19,12.0,12.0,00:00-01:00
128158.0,2021-03-19,115288.0,115288.0,17:00-18:00
15807.0,2021-03-19,14048.0,14048.0,09:00-10:00
13346.0,2021-03-19,12263.0,12263.0,20:00-21:00
7360.0,2021-03-19,6997.0,6997.0,22:00-23:00
4725.0,2021-03-19,4399.0,4399.0,23:00-00:00
9806.0,2021-03-19,9145.0,9145.0,21:00-22:00
18469.0,2021-03-19,17168.0,17168.0,19:00-20:00
45577.0,2021-03-19,42280.0,42280.0,18:00-19:00
271489.0,2021-03-19,241068.0,241068.0,16:00-17:00
324085.0,2021-03-19,289895.0,289895.0,15:00-16:00
326852.0,2021-03-19,294526.0,294526.0,14:00-15:00
2130.0,2021-03-19,1795.0,1795.0,08:00-09:00
393824.0,2021-03-19,353482.0,353482.0,13:00-14:00
374016.0,2021-03-19,334454.0,334454.0,12:00-13:00
21877.0,2021-03-18,18652.0,18652.0,20:00-21:00
32321.0,2021-03-18,27677.0,27677.0,19:00-20:00
7960.0,2021-03-18,7185.0,7185.0,23:00-00:00
111973.0,2021-03-18,95909.0,95909.0,10:00-11:00
73424.0,2021-03-18,61399.0,61399.0,18:00-19:00
12579.0,2021-03-18,10894.0,10894.0,22:00-23:00
172572.0,2021-03-18,143400.0,143400.0,17:00-18:00
283538.0,2021-03-18,238446.0,238446.0,15:00-16:00
15096.0,2021-03-18,13136.0,13136.0,09:00-10:00
281306.0,2021-03-18,238303.0,238303.0,14:00-15:00
274820.0,2021-03-18,229218.0,229218.0,16:00-17:00
1919.0,2021-03-18,1617.0,1617.0,08:00-09:00
339805.0,2021-03-18,290266.0,290266.0,13:00-14:00
259027.0,2021-03-18,221760.0,221760.0,11:00-12:00
341818.0,2021-03-18,292379.0,292379.0,12:00-13:00
14522.0,2021-03-18,12135.0,12135.0,21:00-22:00
310805.0,2021-03-17,262328.0,262328.0,13:00-14:00
174173.0,2021-03-17,147121.0,147121.0,17:00-18:00
237246.0,2021-03-17,197116.0,197116.0,15:00-16:00
236601.0,2021-03-17,198803.0,198803.0,11:00-12:00
244433.0,2021-03-17,203833.0,203833.0,14:00-15:00
13972.0,2021-03-17,11917.0,11917.0,09:00-10:00
243373.0,2021-03-17,202857.0,202857.0,16:00-17:00
11798.0,2021-03-17,10503.0,10503.0,23:00-00:00
61817.0,2021-03-17,52960.0,52960.0,18:00-19:00
32028.0,2021-03-17,28264.0,28264.0,19:00-20:00
22143.0,2021-03-17,19450.0,19450.0,20:00-21:00
17292.0,2021-03-17,15025.0,15025.0,21:00-22:00
13832.0,2021-03-17,12439.0,12439.0,22:00-23:00
1241.0,2021-03-17,1125.0,1125.0,08:00-09:00
98110.0,2021-03-17,81607.0,81607.0,10:00-11:00
307264.0,2021-03-17,259535.0,259535.0,12:00-13:00
202964.0,2021-03-16,167410.0,167410.0,16:00-17:00
5734.0,2021-03-16,5138.0,5138.0,23:00-00:00
15065.0,2021-03-16,12619.0,12619.0,09:00-10:00
15953.0,2021-03-16,14224.0,14224.0,22:00-23:00
83490.0,2021-03-16,68949.0,68949.0,10:00-11:00
280739.0,2021-03-16,233933.0,233933.0,12:00-13:00
277022.0,2021-03-16,230613.0,230613.0,13:00-14:00
224763.0,2021-03-16,185217.0,185217.0,15:00-16:00
209587.0,2021-03-16,173835.0,173835.0,11:00-12:00
224095.0,2021-03-16,186695.0,186695.0,14:00-15:00
2652.0,2021-03-16,2399.0,2399.0,08:00-09:00
129695.0,2021-03-16,106423.0,106423.0,17:00-18:00
54835.0,2021-03-16,47293.0,47293.0,18:00-19:00
20359.0,2021-03-16,18079.0,18079.0,20:00-21:00
17560.0,2021-03-16,15768.0,15768.0,21:00-22:00
27688.0,2021-03-16,23771.0,23771.0,19:00-20:00
36538.0,2021-03-15,32221.0,32221.0,19:00-20:00
314381.0,2021-03-15,266890.0,266890.0,12:00-13:00
348416.0,2021-03-15,293928.0,293928.0,13:00-14:00
309554.0,2021-03-15,256603.0,256603.0,15:00-16:00
312848.0,2021-03-15,264554.0,264554.0,14:00-15:00
10322.0,2021-03-15,8440.0,8440.0,09:00-10:00
295959.0,2021-03-15,241399.0,241399.0,16:00-17:00
235727.0,2021-03-15,199771.0,199771.0,11:00-12:00
87676.0,2021-03-15,74764.0,74764.0,18:00-19:00
27389.0,2021-03-15,24623.0,24623.0,20:00-21:00
15097.0,2021-03-15,13541.0,13541.0,22:00-23:00
16357.0,2021-03-15,14547.0,14547.0,21:00-22:00
4946.0,2021-03-15,4287.0,4287.0,23:00-00:00
63.0,2021-03-15,54.0,54.0,00:00-01:00
472.0,2021-03-15,403.0,403.0,08:00-09:00
94268.0,2021-03-15,78759.0,78759.0,10:00-11:00
194487.0,2021-03-15,157422.0,157422.0,17:00-18:00
867.0,2021-03-14,776.0,776.0,08:00-09:00
15397.0,2021-03-14,13791.0,13791.0,16:00-17:00
17032.0,2021-03-14,14718.0,14718.0,11:00-12:00
23686.0,2021-03-14,20723.0,20723.0,13:00-14:00
19822.0,2021-03-14,17302.0,17302.0,14:00-15:00
5032.0,2021-03-14,4539.0,4539.0,18:00-19:00
10591.0,2021-03-14,9408.0,9408.0,17:00-18:00
23422.0,2021-03-14,20310.0,20310.0,12:00-13:00
1962.0,2021-03-14,1737.0,1737.0,20:00-21:00
1142.0,2021-03-14,1081.0,1081.0,21:00-22:00
7822.0,2021-03-14,6823.0,6823.0,10:00-11:00
17577.0,2021-03-14,15724.0,15724.0,15:00-16:00
1991.0,2021-03-14,1710.0,1710.0,09:00-10:00
2974.0,2021-03-14,2631.0,2631.0,19:00-20:00
710.0,2021-03-14,655.0,655.0,23:00-00:00
1311.0,2021-03-14,1171.0,1171.0,22:00-23:00
116731.0,2021-03-13,89300.0,89300.0,17:00-18:00
151422.0,2021-03-13,119040.0,119040.0,11:00-12:00
214644.0,2021-03-13,169366.0,169366.0,12:00-13:00
211199.0,2021-03-13,165132.0,165132.0,13:00-14:00
168024.0,2021-03-13,132437.0,132437.0,14:00-15:00
167820.0,2021-03-13,130374.0,130374.0,15:00-16:00
1557.0,2021-03-13,1349.0,1349.0,08:00-09:00
160200.0,2021-03-13,122393.0,122393.0,16:00-17:00
36.0,2021-03-13,31.0,31.0,00:00-01:00
10444.0,2021-03-13,7785.0,7785.0,09:00-10:00
45802.0,2021-03-13,36055.0,36055.0,18:00-19:00
20037.0,2021-03-13,17170.0,17170.0,19:00-20:00
14553.0,2021-03-13,12090.0,12090.0,20:00-21:00
8399.0,2021-03-13,7263.0,7263.0,22:00-23:00
6745.0,2021-03-13,5751.0,5751.0,23:00-00:00
12225.0,2021-03-13,10139.0,10139.0,21:00-22:00
68112.0,2021-03-13,53139.0,53139.0,10:00-11:00
184088.0,2021-03-12,149674.0,149674.0,11:00-12:00
8019.0,2021-03-12,6288.0,6288.0,09:00-10:00
72688.0,2021-03-12,54962.0,54962.0,18:00-19:00
14085.0,2021-03-12,11411.0,11411.0,22:00-23:00
24026.0,2021-03-12,19138.0,19138.0,20:00-21:00
33711.0,2021-03-12,27079.0,27079.0,19:00-20:00
573.0,2021-03-12,425.0,425.0,08:00-09:00
9303.0,2021-03-12,7534.0,7534.0,23:00-00:00
148708.0,2021-03-12,110112.0,110112.0,17:00-18:00
23.0,2021-03-12,21.0,21.0,00:00-01:00
232253.0,2021-03-12,169836.0,169836.0,16:00-17:00
239229.0,2021-03-12,180827.0,180827.0,15:00-16:00
231916.0,2021-03-12,180575.0,180575.0,14:00-15:00
273606.0,2021-03-12,212676.0,212676.0,13:00-14:00
257859.0,2021-03-12,205727.0,205727.0,12:00-13:00
70236.0,2021-03-12,56940.0,56940.0,10:00-11:00
15780.0,2021-03-12,12726.0,12726.0,21:00-22:00
3.0,2021-03-11,1.0,1.0,00:00-01:00
761.0,2021-03-11,621.0,621.0,08:00-09:00
2038.0,2021-03-11,1862.0,1862.0,21:00-22:00
5906.0,2021-03-11,4519.0,4519.0,09:00-10:00
2970.0,2021-03-11,2545.0,2545.0,20:00-21:00
4973.0,2021-03-11,4309.0,4309.0,19:00-20:00
9094.0,2021-03-11,7656.0,7656.0,18:00-19:00
47678.0,2021-03-11,38224.0,38224.0,14:00-15:00
27753.0,2021-03-11,21256.0,21256.0,10:00-11:00
2275.0,2021-03-11,1989.0,1989.0,22:00-23:00
22004.0,2021-03-11,17502.0,17502.0,17:00-18:00
70131.0,2021-03-11,55580.0,55580.0,12:00-13:00
56419.0,2021-03-11,44718.0,44718.0,11:00-12:00
1646.0,2021-03-11,1508.0,1508.0,23:00-00:00
39356.0,2021-03-11,31569.0,31569.0,16:00-17:00
47540.0,2021-03-11,37962.0,37962.0,15:00-16:00
65952.0,2021-03-11,52417.0,52417.0,13:00-14:00
2223.0,2021-03-10,1889.0,1889.0,23:00-00:00
30321.0,2021-03-10,21952.0,21952.0,18:00-19:00
10734.0,2021-03-10,8520.0,8520.0,20:00-21:00
6209.0,2021-03-10,5420.0,5420.0,22:00-23:00
974.0,2021-03-10,818.0,818.0,08:00-09:00
97619.0,2021-03-10,69108.0,69108.0,17:00-18:00
15208.0,2021-03-10,11965.0,11965.0,19:00-20:00
149701.0,2021-03-10,105594.0,105594.0,16:00-17:00
145307.0,2021-03-10,103266.0,103266.0,15:00-16:00
181697.0,2021-03-10,135055.0,135055.0,13:00-14:00
144617.0,2021-03-10,105948.0,105948.0,14:00-15:00
7539.0,2021-03-10,5982.0,5982.0,09:00-10:00
187595.0,2021-03-10,141549.0,141549.0,12:00-13:00
130419.0,2021-03-10,99279.0,99279.0,11:00-12:00
57269.0,2021-03-10,44116.0,44116.0,10:00-11:00
7734.0,2021-03-10,6404.0,6404.0,21:00-22:00
95822.0,2021-03-09,69917.0,69917.0,17:00-18:00
28.0,2021-03-09,26.0,26.0,00:00-01:00
57233.0,2021-03-09,44372.0,44372.0,10:00-11:00
5034.0,2021-03-09,4144.0,4144.0,23:00-00:00
132088.0,2021-03-09,101876.0,101876.0,11:00-12:00
178468.0,2021-03-09,135969.0,135969.0,12:00-13:00
172977.0,2021-03-09,128849.0,128849.0,13:00-14:00
140854.0,2021-03-09,100865.0,100865.0,16:00-17:00
140404.0,2021-03-09,104729.0,104729.0,14:00-15:00
151727.0,2021-03-09,108794.0,108794.0,15:00-16:00
6893.0,2021-03-09,5487.0,5487.0,09:00-10:00
34784.0,2021-03-09,26849.0,26849.0,18:00-19:00
17895.0,2021-03-09,13717.0,13717.0,19:00-20:00
10288.0,2021-03-09,8480.0,8480.0,20:00-21:00
5004.0,2021-03-09,4073.0,4073.0,21:00-22:00
6395.0,2021-03-09,5040.0,5040.0,22:00-23:00
199271.0,2021-03-08,156434.0,156434.0,16:00-17:00
71451.0,2021-03-08,59500.0,59500.0,10:00-11:00
207298.0,2021-03-08,168630.0,168630.0,12:00-13:00
144130.0,2021-03-08,118127.0,118127.0,11:00-12:00
255612.0,2021-03-08,206555.0,206555.0,13:00-14:00
5541.0,2021-03-08,4427.0,4427.0,09:00-10:00
215527.0,2021-03-08,175657.0,175657.0,14:00-15:00
101.0,2021-03-08,98.0,98.0,00:00-01:00
165924.0,2021-03-08,132774.0,132774.0,17:00-18:00
78238.0,2021-03-08,65798.0,65798.0,18:00-19:00
41499.0,2021-03-08,35815.0,35815.0,19:00-20:00
28049.0,2021-03-08,24172.0,24172.0,20:00-21:00
21588.0,2021-03-08,19010.0,19010.0,21:00-22:00
15434.0,2021-03-08,13192.0,13192.0,22:00-23:00
11649.0,2021-03-08,10346.0,10346.0,23:00-00:00
216474.0,2021-03-08,172394.0,172394.0,15:00-16:00
